Rk,player_name,nation,position_1,position_2,Squad,Age,Born,matches_played,starts,minutes_played,90s_played,goals,assists,goal_contributions,non_penalty_goals,penalty_goals,penalty_attempts,yellow_cards,red_cards,expected_goals,expected_non_pen_goals,expected_assists,expected_non_pen_goal_contributions,progressive_carries,progressive_passes,progressive_passes_received
1,Brenden Aaronson,USA,MF,,Leeds United,23.0,2000.0,46,43,3551,39.5,9,2,11,9,0,0,1,0,11.3,11.3,5.7,17.1,84,160,243
2,Thelo Aasgaard,NOR,MF,FW,Luton Town,22.0,2002.0,17,17,1513,16.8,2,1,3,2,0,0,1,0,3.2,3.2,1.1,4.3,27,46,71
3,James Abankwah,IRL,DF,,Watford,20.0,2004.0,19,17,1384,15.4,0,0,0,0,0,0,4,1,0.1,0.1,0.3,0.3,21,55,9
4,Salis Abdul Samed,GHA,MF,,Sunderland,24.0,2000.0,10,3,283,3.1,0,0,0,0,0,0,0,0,0.0,0.0,0.0,0.0,5,15,10
5,Azeem Abdulai,SCO,FW,MF,Swansea City,21.0,2002.0,17,2,348,3.9,1,0,1,1,0,0,1,0,0.4,0.4,0.2,0.6,8,10,53
6,Ebou Adams,GAM,MF,,Derby County,28.0,1996.0,44,42,3789,42.1,6,1,7,6,0,0,12,0,5.2,5.2,1.9,7.1,27,131,77
7,Elijah Adebayo,ENG,FW,,Luton Town,26.0,1998.0,39,31,2425,26.9,5,0,5,5,0,0,1,0,12.8,12.8,1.1,13.9,31,20,144
8,Michael Adu-Poku,ENG,FW,,Watford,18.0,2005.0,1,0,1,0.0,0,0,0,0,0,0,0,0,0.0,0.0,0.0,0.0,1,0,1
9,Enock Agyei,BEL,FW,MF,Burnley,19.0,2005.0,3,0,58,0.6,0,0,0,0,0,0,0,0,0.1,0.1,0.0,0.1,8,5,12
10,Anel Ahmedhodžić,BIH,DF,,Sheffield Utd,25.0,1999.0,38,35,3136,34.8,3,1,4,3,0,0,11,1,2.3,2.3,1.2,3.6,39,88,8
11,Semi Ajayi,NGA,DF,,West Brom,30.0,1993.0,15,14,1228,13.6,0,0,0,0,0,0,4,0,0.4,0.4,0.0,0.5,9,51,1
12,Milan Aleksić,SRB,MF,FW,Sunderland,18.0,2005.0,8,3,290,3.2,0,0,0,0,0,0,1,0,0.8,0.8,0.3,1.1,11,7,29
13,Ajibola Alese,ENG,DF,,Sunderland,23.0,2001.0,12,8,703,7.8,0,0,0,0,0,0,2,0,0.5,0.5,0.5,1.0,3,29,19
14,Jamie Allen,ENG,MF,,Coventry City,29.0,1995.0,21,12,1004,11.2,0,0,0,0,0,0,1,0,0.5,0.5,0.1,0.6,2,37,6
15,Joe Allen,WAL,MF,,Swansea City,34.0,1990.0,25,8,709,7.9,1,1,2,1,0,0,2,0,0.9,0.9,0.4,1.3,7,40,19
16,Millenic Alli,IRL,FW,DF,Luton Town,24.0,2000.0,16,6,766,8.5,4,0,4,4,0,0,1,0,1.3,1.3,0.3,1.7,41,14,53
17,Jak Alnwick,ENG,GK,,Cardiff City,31.0,1993.0,29,29,2610,29.0,0,0,0,0,0,0,2,0,0.0,0.0,0.0,0.0,0,0,0
18,Will Alves,ENG,FW,MF,Cardiff City,19.0,2005.0,14,8,667,7.4,1,3,4,1,0,0,0,0,0.8,0.8,0.9,1.7,29,14,54
19,Steven Alzate,COL,MF,,Hull City,25.0,1998.0,28,21,1941,21.6,0,1,1,0,0,0,2,0,0.5,0.5,0.7,1.2,18,77,14
20,Zeki Amdouni,SUI,MF,,Burnley,23.0,2000.0,2,0,35,0.4,1,0,1,1,0,0,0,0,0.0,0.0,0.0,0.0,1,2,1
21,Ethan Ampadu,WAL,DF,MF,Leeds United,23.0,2000.0,29,26,2285,25.4,0,0,0,0,0,0,7,0,0.6,0.6,1.5,2.0,26,106,9
22,Nordin Amrabat,MAR,FW,MF,Hull City,37.0,1987.0,10,2,288,3.2,0,1,1,0,0,0,0,0,0.3,0.3,0.3,0.5,14,14,30
23,Lucas Andersen,DEN,MF,FW,QPR,29.0,1994.0,33,13,1165,12.9,2,0,2,2,0,0,1,0,1.8,1.8,1.8,3.7,17,38,80
24,Joe Anderson,ENG,DF,,Sunderland,23.0,2001.0,2,1,99,1.1,0,0,0,0,0,0,1,0,0.0,0.0,0.0,0.0,4,9,6
25,Ryan Andrews,ENG,DF,MF,Watford,19.0,2004.0,38,21,2086,23.2,3,2,5,3,0,0,3,0,1.1,1.1,2.2,3.2,51,56,112
26,Jaidon Anthony,ENG,FW,MF,Burnley,24.0,1999.0,43,42,3661,40.7,8,7,15,8,0,0,4,0,9.4,9.4,8.1,17.5,184,159,375
27,Adil Aouchiche,FRA,MF,FW,Portsmouth,22.0,2002.0,12,9,683,7.6,1,1,2,1,0,0,2,0,1.2,1.2,0.4,1.6,14,18,41
28,Adil Aouchiche,FRA,FW,MF,Sunderland,22.0,2002.0,8,3,296,3.3,0,1,1,0,0,0,0,0,0.5,0.5,1.6,2.1,14,14,56
29,Oliver Arblaster,ENG,MF,,Sheffield Utd,20.0,2004.0,12,11,978,10.9,2,1,3,2,0,0,3,0,0.7,0.7,1.3,2.0,14,84,19
30,Jordan Archer,SCO,GK,,Portsmouth,31.0,1993.0,2,1,150,1.7,0,0,0,0,0,0,0,0,0.0,0.0,0.0,0.0,0,0,0
31,Adam Armstrong,ENG,FW,,West Brom,27.0,1997.0,16,12,1008,11.2,3,0,3,2,1,1,0,0,3.8,3.0,0.4,3.4,14,11,46
32,Harrison Armstrong,ENG,MF,,Derby County,17.0,2007.0,15,12,1105,12.3,1,0,1,1,0,0,3,0,0.4,0.4,0.2,0.7,10,39,12
33,Sinclair Armstrong,IRL,FW,,Bristol City,21.0,2003.0,36,17,1555,17.3,3,0,3,3,0,0,1,0,5.1,5.1,0.8,6.0,33,16,121
34,Stuart Armstrong,SCO,MF,FW,Sheffield Weds,32.0,1992.0,11,6,536,6.0,0,1,1,0,0,0,0,0,1.1,1.1,1.0,2.1,14,25,31
35,Harrison Ashby,SCO,DF,FW,QPR,22.0,2001.0,29,17,1583,17.6,0,1,1,0,0,0,6,0,1.4,1.4,1.1,2.5,19,38,45
36,Cian Ashford,WAL,FW,MF,Cardiff City,19.0,2004.0,28,17,1522,16.9,2,3,5,2,0,0,0,0,1.6,1.6,2.8,4.4,41,35,96
37,Robert Atkinson,ENG,DF,,Portsmouth,26.0,1998.0,14,13,1098,12.2,2,1,3,2,0,0,4,0,0.5,0.5,1.0,1.6,9,39,1
38,Luke Ayling,ENG,DF,,Middlesbrough,32.0,1991.0,26,23,1951,21.7,0,2,2,0,0,0,4,0,0.7,0.7,2.5,3.2,34,143,65
39,Finn Azaz,IRL,MF,FW,Middlesbrough,23.0,2000.0,45,43,3544,39.4,12,11,23,12,0,0,6,0,9.5,9.5,9.7,19.2,94,236,290
40,Femi Azeez,ENG,FW,,Millwall,23.0,2001.0,34,21,1906,21.2,2,5,7,2,0,0,4,0,4.8,4.8,2.1,6.9,81,61,161
41,Kwadwo Baah,ENG,MF,FW,Watford,21.0,2003.0,27,16,1459,16.2,4,3,7,4,0,0,5,1,3.2,3.2,3.0,6.2,80,17,105
42,Daniel Bachmann,AUT,GK,,Watford,30.0,1994.0,22,22,1902,21.1,0,0,0,0,0,0,1,0,0.0,0.0,0.0,0.0,0,0,0
43,Joel Bagan,IRL,DF,,Cardiff City,24.0,2000.0,31,17,1612,17.9,0,1,1,0,0,0,4,1,0.2,0.2,0.5,0.7,13,44,20
44,Michael Baidoo,GHA,MF,FW,Plymouth Argyle,25.0,1999.0,11,4,452,5.0,0,0,0,0,0,0,0,0,0.4,0.4,0.3,0.7,10,14,25
45,Lewis Baker,ENG,MF,,Stoke City,29.0,1995.0,19,16,1475,16.4,6,2,8,4,2,2,3,0,3.8,2.2,1.9,4.1,19,57,50
46,Lewis Baker,ENG,MF,FW,Blackburn,29.0,1995.0,13,7,596,6.6,1,0,1,1,0,0,2,0,0.9,0.9,0.4,1.3,7,15,7
47,Daniel Ballard,NIR,DF,,Sunderland,24.0,1999.0,20,12,1127,12.5,2,1,3,2,0,0,3,0,1.4,1.4,0.3,1.7,8,51,5
48,Patrick Bamford,ENG,FW,,Leeds United,30.0,1993.0,17,0,252,2.8,0,0,0,0,0,0,0,0,2.2,2.2,0.2,2.3,3,7,18
49,Raees Bangura-Williams,,FW,MF,Millwall,,,10,7,608,6.8,0,3,3,0,0,0,2,0,1.1,1.1,0.4,1.5,8,17,26
50,Tamer Bani Odeh,JOR,MF,FW,West Brom,20.0,2003.0,4,0,53,0.6,0,1,1,0,0,0,1,0,0.1,0.1,0.9,1.0,0,6,6
51,Barry Bannan,SCO,MF,,Sheffield Weds,34.0,1989.0,41,40,3461,38.5,4,5,9,4,0,0,7,0,2.6,2.6,6.5,9.1,40,324,61
52,Jamal Baptiste,ENG,DF,,Sheffield Utd,20.0,2003.0,1,0,7,0.1,0,0,0,0,0,0,0,0,0.0,0.0,0.0,0.0,0,0,0
53,Shandon Baptiste,GRN,MF,,Luton Town,26.0,1998.0,16,7,717,8.0,1,0,1,1,0,0,2,0,0.9,0.9,1.5,2.4,9,34,16
54,Tom Barkhuizen,ENG,FW,MF,Derby County,31.0,1993.0,19,2,404,4.5,0,0,0,0,0,0,2,0,0.7,0.7,0.2,0.8,13,8,33
55,Daniel Barlaser,TUR,MF,,Middlesbrough,27.0,1997.0,23,12,1155,12.8,1,1,2,1,0,0,2,0,0.3,0.3,2.4,2.7,11,83,22
56,Ashley Barnes,ENG,FW,MF,Norwich City,34.0,1989.0,8,1,173,1.9,0,0,0,0,0,0,1,0,0.3,0.3,0.0,0.3,0,8,6
57,Ashley Barnes,ENG,FW,MF,Burnley,34.0,1989.0,13,1,134,1.5,1,1,2,1,0,0,1,0,0.9,0.9,0.3,1.2,1,3,5
58,Louie Barry,ENG,FW,MF,Hull City,21.0,2003.0,4,2,165,1.8,0,0,0,0,0,0,0,0,0.2,0.2,0.1,0.2,7,3,14
59,Kyle Bartley,ENG,DF,,West Brom,33.0,1991.0,31,30,2610,29.0,0,0,0,0,0,0,5,1,1.9,1.9,1.0,2.9,7,66,3
60,Norman Bassette,BEL,FW,,Coventry City,19.0,2004.0,25,11,907,10.1,2,0,2,2,0,0,5,0,4.9,4.9,0.2,5.1,11,6,46
61,Danny Batth,ENG,DF,,Blackburn,33.0,1990.0,37,34,3009,33.4,2,0,2,2,0,0,5,0,2.1,2.1,0.8,2.9,4,59,6
62,Patrick Bauer,GER,DF,,Preston,31.0,1992.0,1,0,6,0.1,0,0,0,0,0,0,0,0,0.0,0.0,0.0,0.0,0,0,0
63,Vakoun Bayo,CIV,FW,,Watford,27.0,1997.0,41,25,2242,24.9,10,0,10,9,1,1,5,1,13.1,12.3,0.8,13.1,19,22,97
64,James Beadle,ENG,GK,,Sheffield Weds,20.0,2004.0,38,38,3420,38.0,0,0,0,0,0,0,2,0,0.0,0.0,0.0,0.0,0,0,0
65,Owen Beck,WAL,DF,FW,Blackburn,21.0,2002.0,24,21,1874,20.8,1,0,1,1,0,0,3,1,1.1,1.1,1.4,2.6,32,37,62
66,Chris Bedia,CIV,FW,,Hull City,28.0,1996.0,21,9,921,10.2,3,0,3,2,1,1,0,0,4.7,4.0,0.7,4.6,6,9,29
67,Amari'i Bell,JAM,DF,,Luton Town,30.0,1994.0,31,31,2706,30.1,0,0,0,0,0,0,1,0,0.2,0.2,0.8,1.0,39,141,37
68,Sam Bell,ENG,FW,DF,Bristol City,22.0,2002.0,20,0,440,4.9,0,0,0,0,0,0,0,0,1.6,1.6,0.5,2.1,8,6,58
69,Jobe Bellingham,ENG,MF,,Sunderland,18.0,2005.0,40,39,3507,39.0,4,3,7,4,0,0,10,1,3.0,3.0,2.9,5.9,52,193,103
70,Bachir Belloumi,ALG,FW,MF,Hull City,22.0,2002.0,10,10,815,9.1,2,2,4,2,0,0,1,0,2.4,2.4,2.3,4.6,36,42,99
71,Anis Ben Slimane,TUN,MF,,Norwich City,23.0,2001.0,33,25,2091,23.2,2,2,4,2,0,0,6,0,2.1,2.1,2.7,4.8,29,90,76
72,Anis Ben Slimane,TUN,MF,,Sheffield Utd,23.0,2001.0,3,0,46,0.5,0,0,0,0,0,0,0,0,0.0,0.0,0.1,0.1,3,2,6
73,Joe Bennett,ENG,DF,,Oxford United,34.0,1990.0,12,8,744,8.3,0,0,0,0,0,0,1,0,0.0,0.0,0.1,0.1,2,21,6
74,Daniel Bennie,AUS,FW,MF,QPR,18.0,2006.0,12,1,216,2.4,0,0,0,0,0,0,1,0,0.2,0.2,0.1,0.3,3,9,10
75,Jóhann Berg Guðmundsson,ISL,MF,,Burnley,33.0,1990.0,1,0,16,0.2,1,0,1,1,0,0,0,0,0.1,0.1,0.0,0.1,0,1,0
76,Di'Shon Bernard,JAM,DF,,Sheffield Weds,23.0,2000.0,27,26,2235,24.8,2,0,2,2,0,0,9,2,2.0,2.0,0.4,2.4,5,57,7
77,Kian Best,ENG,DF,,Preston,18.0,2005.0,1,0,4,0.0,0,0,0,0,0,0,0,0,0.0,0.0,0.0,0.0,0,1,0
78,Florian Bianchini,FRA,FW,,Swansea City,23.0,2001.0,36,8,1103,12.3,3,0,3,3,0,0,2,0,4.4,4.4,1.1,5.5,12,17,55
79,Jake Bidwell,ENG,DF,,Coventry City,31.0,1993.0,29,23,2062,22.9,1,1,2,1,0,0,5,0,1.0,0.9,2.0,2.8,35,120,132
80,Luis Binks,ENG,DF,,Coventry City,22.0,2001.0,22,21,1852,20.6,0,1,1,0,0,0,7,0,0.8,0.8,1.1,1.8,26,102,6
81,Max Bird,ENG,MF,,Bristol City,23.0,2000.0,46,43,3481,38.7,1,8,9,1,0,0,1,0,3.0,3.0,8.3,11.3,46,234,98
82,Colby Bishop,ENG,FW,,Portsmouth,27.0,1996.0,32,31,2629,29.2,11,3,14,8,3,4,3,0,13.9,10.7,1.9,12.7,8,49,117
83,Billy Blacker,ENG,MF,,Sheffield Utd,18.0,2006.0,1,0,1,0.0,0,0,0,0,0,0,0,0,0.0,0.0,0.0,0.0,0,0,0
84,Corey Blackett-Taylor,ENG,FW,MF,Derby County,26.0,1997.0,12,4,404,4.5,1,0,1,1,0,0,1,0,1.0,1.0,0.7,1.7,27,6,32
85,Harvey Blair,ENG,FW,,Portsmouth,20.0,2003.0,12,3,294,3.3,1,0,1,1,0,0,3,0,0.9,0.9,0.0,1.0,7,1,13
86,Malachi Boateng,ENG,MF,,Plymouth Argyle,22.0,2002.0,7,1,198,2.2,0,0,0,0,0,0,0,0,0.1,0.1,0.0,0.1,0,6,3
87,Eric Bocat,FRA,DF,,Stoke City,25.0,1999.0,30,23,2041,22.7,0,1,1,0,0,0,1,0,0.8,0.8,1.1,1.9,55,90,83
88,Jayden Bogle,ENG,DF,,Leeds United,24.0,2000.0,44,44,3824,42.5,6,4,10,6,0,0,12,0,5.3,5.3,6.9,12.3,123,193,264
89,Jonathan Bond,ENG,GK,,Watford,31.0,1993.0,9,8,798,8.9,0,0,0,0,0,0,0,0,0.0,0.0,0.0,0.0,0,0,0
90,Neto Borges,BRA,DF,,Middlesbrough,27.0,1996.0,35,34,2891,32.1,1,3,4,1,0,0,4,0,1.4,1.4,2.2,3.6,54,71,187
91,Raphael Borges Rodrigues,AUS,MF,FW,Coventry City,20.0,2003.0,3,0,10,0.1,0,0,0,0,0,0,0,0,0.0,0.0,0.0,0.0,1,0,0
92,Josh Bowler,ENG,FW,DF,Preston,25.0,1999.0,10,6,456,5.1,0,0,0,0,0,0,0,0,0.7,0.7,0.4,1.1,12,22,39
93,Josh Bowler,ENG,MF,FW,Luton Town,25.0,1999.0,8,0,150,1.7,0,0,0,0,0,0,0,0,0.2,0.2,0.0,0.2,2,8,9
94,Sonny Bradley,ENG,DF,,Derby County,32.0,1991.0,7,3,303,3.4,0,0,0,0,0,0,1,0,0.2,0.2,0.0,0.2,0,5,0
95,Tom Bradshaw,WAL,FW,,Oxford United,32.0,1992.0,11,4,359,4.0,0,0,0,0,0,0,1,0,0.8,0.8,0.1,0.9,2,4,10
96,Tom Bradshaw,WAL,FW,,Millwall,32.0,1992.0,11,4,450,5.0,1,0,1,0,1,1,0,0,2.4,1.6,0.0,1.6,2,2,17
97,Robbie Brady,IRL,DF,FW,Preston,32.0,1992.0,29,17,1638,18.2,0,4,4,0,0,0,8,0,1.3,1.3,5.7,7.0,32,95,71
98,Cohen Bramall,ENG,DF,FW,Portsmouth,28.0,1996.0,12,4,460,5.1,0,0,0,0,0,0,2,0,0.1,0.1,0.5,0.6,15,16,15
99,Cameron Brannagan,ENG,MF,,Oxford United,28.0,1996.0,33,33,2900,32.2,3,4,7,3,0,0,10,0,1.7,1.7,2.3,4.0,20,100,29
100,Ben Brereton,CHI,FW,MF,Sheffield Utd,25.0,1999.0,17,13,984,10.9,4,3,7,4,0,0,4,0,4.2,4.2,1.4,5.6,25,36,60
101,Rhian Brewster,ENG,MF,FW,Sheffield Utd,24.0,2000.0,36,16,1558,17.3,4,3,7,4,0,0,2,0,4.3,4.3,3.0,7.3,19,59,72
102,Callum Brittain,ENG,DF,,Blackburn,26.0,1998.0,33,30,2659,29.5,2,5,7,2,0,0,5,0,1.1,1.1,4.5,5.6,63,90,142
103,Andre Brooks,ENG,FW,MF,Sheffield Utd,20.0,2003.0,22,10,951,10.6,3,2,5,3,0,0,3,0,3.0,3.0,2.6,5.6,28,18,106
104,Ciaron Brown,NIR,DF,,Oxford United,26.0,1998.0,41,41,3611,40.1,4,3,7,4,0,0,6,0,1.9,1.9,1.6,3.5,30,90,20
105,Dajaune Brown,JAM,FW,,Derby County,18.0,2005.0,15,3,387,4.3,1,0,1,1,0,0,0,0,0.5,0.5,0.1,0.7,0,1,11
106,Jacob Brown,SCO,FW,MF,Luton Town,26.0,1998.0,29,11,1217,13.5,4,1,5,4,0,0,4,0,3.8,3.8,1.2,5.0,19,17,61
107,Alan Browne,IRL,MF,DF,Sunderland,29.0,1995.0,22,13,1212,13.5,1,0,1,1,0,0,1,0,1.4,1.4,0.4,1.8,16,29,52
108,Josh Brownhill,ENG,MF,FW,Burnley,28.0,1995.0,42,39,3474,38.6,18,6,24,15,3,3,5,0,9.9,7.5,4.4,12.0,33,165,145
109,Joe Bryan,ENG,DF,,Millwall,30.0,1993.0,39,37,3275,36.4,1,1,2,1,0,0,8,0,1.3,1.3,3.8,5.2,33,165,73
110,Solomon Brynn,ENG,GK,,Middlesbrough,23.0,2000.0,6,6,509,5.7,0,0,0,0,0,0,0,0,0.0,0.0,0.0,0.0,0,0,0
111,John Buckley,ENG,MF,,Blackburn,24.0,1999.0,23,8,855,9.5,0,0,0,0,0,0,5,0,0.2,0.2,0.3,0.5,8,49,5
112,Mustapha Bundu,SLE,FW,MF,Plymouth Argyle,27.0,1997.0,37,27,2302,25.6,10,6,16,10,0,0,4,0,5.5,5.5,5.8,11.3,40,50,128
113,Wouter Burger,NED,MF,,Stoke City,23.0,2001.0,39,37,3002,33.4,1,1,2,1,0,0,10,0,1.9,1.9,2.5,4.5,21,147,38
114,Delano Burgzorg,SUR,FW,MF,Middlesbrough,25.0,1998.0,42,23,2187,24.3,5,2,7,4,1,1,2,0,7.8,7.0,2.0,9.0,70,60,192
115,Reece Burke,ENG,DF,,Luton Town,27.0,1996.0,17,10,852,9.5,0,0,0,0,0,0,4,0,0.4,0.4,0.2,0.7,9,32,13
116,Finley Burns,ENG,DF,MF,Hull City,21.0,2003.0,9,4,311,3.5,0,0,0,0,0,0,1,0,0.0,0.0,0.0,0.0,0,5,1
117,Harrison Burrows,ENG,DF,,Sheffield Utd,22.0,2002.0,43,39,3460,38.4,5,3,8,3,2,2,2,0,3.8,2.3,5.8,8.0,65,105,197
118,Mason Burstow,ENG,FW,MF,Hull City,20.0,2003.0,31,8,953,10.6,2,1,3,2,0,0,1,0,2.0,2.0,1.2,3.3,16,28,70
119,Sam Byram,ENG,DF,,Leeds United,30.0,1993.0,36,16,1409,15.7,1,1,2,1,0,0,4,0,0.8,0.8,1.0,1.9,25,75,100
120,Ben Cabango,WAL,DF,,Swansea City,24.0,2000.0,45,45,4032,44.8,2,1,3,2,0,0,9,0,2.6,2.6,0.7,3.2,31,214,13
121,Tyrese Campbell,ENG,FW,,Sheffield Utd,24.0,1999.0,33,20,1580,17.6,10,1,11,10,0,0,2,0,8.4,8.4,2.7,11.1,34,24,113
122,Thomas Cannon,IRL,FW,,Stoke City,21.0,2002.0,22,22,1857,20.6,9,1,10,6,3,4,3,0,9.0,5.9,0.9,6.8,14,18,78
123,Thomas Cannon,IRL,FW,,Sheffield Utd,21.0,2002.0,15,7,682,7.6,1,1,2,1,0,0,0,0,1.7,1.7,1.1,2.8,5,3,36
124,Todd Cantwell,ENG,MF,FW,Blackburn,26.0,1998.0,37,27,2479,27.5,3,7,10,1,2,2,6,0,4.3,2.7,7.0,9.7,57,135,127
125,Theo Carroll,ENG,MF,,Preston,17.0,2007.0,1,0,4,0.0,0,0,0,0,0,0,0,0,0.0,0.0,0.0,0.0,0,1,0
126,Hayden Carter,ENG,DF,,Blackburn,24.0,1999.0,16,16,1363,15.1,0,1,1,0,0,0,5,0,0.5,0.5,0.8,1.3,14,42,27
127,Eiran Cashin,IRL,DF,,Derby County,22.0,2001.0,21,21,1786,19.8,1,0,1,1,0,0,5,0,1.8,1.8,0.4,2.2,8,57,9
128,Žan Celar,SVN,FW,,QPR,25.0,1999.0,19,10,944,10.5,2,0,2,2,0,1,1,0,4.2,3.4,0.3,3.6,5,8,36
129,Ilias Chair,MAR,MF,FW,QPR,26.0,1997.0,28,20,1698,18.9,2,6,8,2,0,0,2,0,2.9,2.9,4.5,7.4,53,82,82
130,Giorgi Chakvetadze,GEO,MF,FW,Watford,24.0,1999.0,39,37,3281,36.5,2,6,8,2,0,0,6,0,3.7,3.7,8.0,11.7,209,205,197
131,Nathaniel Chalobah,ENG,MF,,Sheffield Weds,29.0,1994.0,16,4,444,4.9,0,0,0,0,0,0,3,0,0.4,0.4,0.0,0.4,5,23,1
132,Calum Chambers,ENG,DF,MF,Cardiff City,29.0,1995.0,41,41,3513,39.0,2,1,3,2,0,0,8,1,1.5,1.5,1.4,2.9,13,162,36
133,Samuel Chambers,ENG,FW,,Leeds United,16.0,2007.0,1,0,17,0.2,0,0,0,0,0,0,0,0,0.0,0.0,0.0,0.0,0,0,2
134,Pierce Charles,NIR,GK,,Sheffield Weds,19.0,2005.0,8,8,720,8.0,0,0,0,0,0,0,1,0,0.0,0.0,0.0,0.0,0,0,0
135,Shea Charles,NIR,MF,DF,Sheffield Weds,20.0,2003.0,43,42,3631,40.3,1,5,6,1,0,0,10,0,2.0,2.0,4.0,6.1,56,207,66
136,Tawanda Chirewa,ZIM,MF,,Derby County,20.0,2003.0,5,1,151,1.7,0,0,0,0,0,0,1,0,0.1,0.1,0.0,0.1,1,7,7
137,Tahith Chong,CUW,MF,DF,Luton Town,24.0,1999.0,30,24,2026,22.5,2,1,3,2,0,0,5,0,2.3,2.3,1.8,4.2,63,56,119
138,Hamza Choudhury,BAN,MF,DF,Sheffield Utd,26.0,1997.0,16,13,1105,12.3,0,0,0,0,0,0,2,0,0.2,0.2,0.0,0.3,3,43,10
139,Benjamin Chrisene,ENG,DF,,Norwich City,20.0,2004.0,26,12,1150,12.8,1,0,1,1,0,0,2,0,0.9,0.9,1.8,2.7,29,42,51
140,Cyrus Christie,IRL,DF,,Swansea City,31.0,1992.0,11,2,282,3.1,0,0,0,0,0,0,1,0,0.0,0.0,0.0,0.0,5,12,3
141,Dennis Cirkin,ENG,DF,,Sunderland,22.0,2002.0,36,30,2740,30.4,3,2,5,3,0,0,6,0,1.9,1.9,2.2,4.1,73,127,135
142,Ibrahim Cissoko,NED,FW,MF,Plymouth Argyle,21.0,2003.0,13,9,661,7.3,3,1,4,3,0,0,2,1,1.5,1.5,0.8,2.3,39,20,74
143,Ibrahim Cissoko,NED,FW,MF,Sheffield Weds,21.0,2003.0,5,0,56,0.6,0,0,0,0,0,0,1,0,0.0,0.0,0.0,0.0,1,1,9
144,Jordan Clark,ENG,MF,,Luton Town,30.0,1993.0,40,37,3235,35.9,6,6,12,6,0,0,10,0,3.3,3.3,6.1,9.4,49,138,94
145,Harry Clarke,ENG,DF,,Sheffield Utd,23.0,2001.0,6,6,472,5.2,0,0,0,0,0,0,3,0,0.2,0.2,0.3,0.4,7,21,11
146,Jack Clarke,ENG,FW,,Sunderland,23.0,2000.0,2,2,179,2.0,1,1,2,1,0,0,0,0,0.1,0.1,1.1,1.2,6,3,13
147,Matthew Clarke,ENG,DF,,Derby County,27.0,1996.0,16,15,1366,15.2,1,0,1,1,0,0,2,0,1.6,1.6,1.8,3.4,3,35,3
148,Matthew Clarke,ENG,DF,,Middlesbrough,27.0,1996.0,14,12,1112,12.4,2,0,2,2,0,0,0,0,0.5,0.5,0.1,0.6,9,46,3
149,Jake Clarke-Salter,ENG,DF,,QPR,26.0,1997.0,11,8,753,8.4,0,0,0,0,0,0,3,0,0.2,0.2,0.2,0.3,1,23,0
150,Josh Coburn,ENG,MF,,Middlesbrough,21.0,2002.0,2,0,6,0.1,0,0,0,0,0,0,0,0,0.0,0.0,0.0,0.0,0,0,1
151,Josh Coburn,ENG,FW,,Millwall,21.0,2002.0,20,14,1218,13.5,5,0,5,5,0,1,0,0,6.2,5.4,1.3,6.7,10,7,51
152,Jack Colback,ENG,MF,,QPR,34.0,1989.0,24,16,1449,16.1,1,1,2,1,0,0,8,1,0.5,0.5,0.2,0.7,3,40,18
153,Devante Cole,ENG,FW,MF,West Brom,29.0,1995.0,14,0,163,1.8,0,0,0,0,0,0,0,0,0.8,0.8,0.0,0.8,3,4,11
154,Bradley Collins,ENG,GK,,Coventry City,27.0,1997.0,15,14,1313,14.6,0,0,0,0,0,0,2,0,0.0,0.0,0.0,0.0,0,0,0
155,James Collins,IRL,FW,MF,Derby County,33.0,1990.0,17,1,222,2.5,0,0,0,0,0,0,1,0,0.5,0.5,0.0,0.5,1,8,13
156,Jamilu Collins,NGA,DF,,Cardiff City,29.0,1994.0,3,2,165,1.8,0,0,0,0,0,0,1,0,0.0,0.0,0.0,0.0,0,4,6
157,Rubin Colwill,WAL,MF,FW,Cardiff City,22.0,2002.0,43,24,2522,28.0,1,4,5,1,0,0,3,0,4.0,4.0,4.3,8.4,91,139,167
158,Aaron Connolly,IRL,FW,MF,Sunderland,24.0,2000.0,10,2,246,2.7,1,0,1,1,0,0,0,0,0.7,0.7,0.0,0.7,0,1,9
159,Aaron Connolly,IRL,FW,MF,Millwall,24.0,2000.0,14,6,659,7.3,1,0,1,1,0,1,3,0,1.6,0.8,1.0,1.8,13,16,43
160,Tommy Conway,SCO,FW,MF,Middlesbrough,21.0,2002.0,36,27,2357,26.2,13,1,14,11,2,4,1,0,12.3,9.1,1.5,10.6,51,44,208
161,Steve Cook,ENG,DF,,QPR,33.0,1991.0,31,31,2617,29.1,2,0,2,2,0,0,4,0,1.5,1.5,0.3,1.8,10,62,7
162,Jake Cooper,ENG,DF,,Millwall,29.0,1995.0,36,36,3195,35.5,3,1,4,3,0,0,4,0,2.7,2.7,0.5,3.2,6,67,15
163,Michael Cooper,ENG,GK,,Sheffield Utd,24.0,1999.0,43,43,3870,43.0,0,0,0,0,0,0,3,0,0.0,0.0,0.0,0.0,0,0,0
164,Oliver Cooper,WAL,MF,FW,Swansea City,24.0,1999.0,28,10,1042,11.6,1,1,2,1,0,0,0,0,0.6,0.6,1.7,2.3,29,36,54
165,José Cordoba,PAN,DF,,Norwich City,23.0,2001.0,34,24,2103,23.4,1,0,1,1,0,0,4,1,0.7,0.7,0.4,1.1,7,62,4
166,David Cornell,WAL,GK,,Preston,33.0,1991.0,10,9,811,9.0,0,0,0,0,0,0,0,0,0.0,0.0,0.0,0.0,0,0,0
167,Harry Cornick,ENG,FW,MF,Bristol City,29.0,1995.0,3,0,38,0.4,1,0,1,1,0,0,0,0,0.5,0.5,0.0,0.5,0,4,1
168,Lewie Coyle,ENG,DF,,Hull City,28.0,1995.0,44,42,3717,41.3,1,2,3,1,0,0,6,0,1.1,1.1,3.7,4.7,110,185,110
169,Amario Cozier-Duberry,ENG,FW,MF,Blackburn,19.0,2005.0,22,6,723,8.0,1,0,1,1,0,0,0,0,1.0,1.0,0.5,1.5,35,26,38
170,Tristan Crama,FRA,DF,,Millwall,22.0,2001.0,20,18,1634,18.2,0,2,2,0,0,0,1,0,0.9,0.9,2.6,3.6,25,44,69
171,Charlie Crew,WAL,MF,,Leeds United,18.0,2006.0,1,0,5,0.1,0,0,0,0,0,0,0,0,0.0,0.0,0.0,0.0,0,0,0
172,Ante Crnac,CRO,FW,,Norwich City,20.0,2003.0,38,29,2495,27.7,7,4,11,7,0,0,2,0,5.5,5.5,4.7,10.2,37,36,100
173,Matt Crooks,ENG,MF,FW,Hull City,30.0,1994.0,18,9,789,8.8,3,0,3,3,0,0,4,1,2.7,2.7,0.5,3.2,11,30,24
174,Josh Cullen,IRL,MF,,Burnley,28.0,1996.0,44,43,3801,42.2,2,3,5,2,0,0,11,0,1.6,1.6,2.6,4.3,23,218,53
175,Liam Cullen,WAL,MF,FW,Swansea City,25.0,1999.0,42,35,2995,33.3,11,3,14,11,0,0,8,0,8.9,8.9,3.8,12.7,22,74,96
176,Jamie Cumming,ENG,GK,,Oxford United,24.0,1999.0,45,45,4050,45.0,0,0,0,0,0,0,1,0,0.0,0.0,0.0,0.0,0,0,0
177,Luke Cundle,ENG,MF,FW,Millwall,22.0,2002.0,16,13,985,10.9,1,0,1,1,0,0,2,0,0.8,0.8,0.3,1.1,7,41,41
178,Jesper Daland,NOR,DF,,Cardiff City,24.0,2000.0,20,16,1427,15.9,0,0,0,0,0,0,2,0,0.2,0.2,0.3,0.4,5,30,4
179,Owen Dale,ENG,MF,FW,Oxford United,25.0,1998.0,11,4,350,3.9,0,0,0,0,0,0,0,0,0.5,0.5,0.8,1.2,12,9,27
180,Harry Darling,ENG,DF,,Swansea City,24.0,1999.0,39,38,3335,37.1,5,3,8,5,0,0,4,1,4.2,4.2,1.9,6.1,39,137,8
181,Karl Darlow,WAL,GK,,Leeds United,33.0,1990.0,7,7,630,7.0,0,0,0,0,0,0,1,0,0.0,0.0,0.0,0.0,0,0,0
182,Jay Dasilva,WAL,DF,,Coventry City,26.0,1998.0,31,20,1807,20.1,0,1,1,0,0,0,2,1,0.2,0.2,1.0,1.2,40,89,91
183,Adam Davies,WAL,GK,,Sheffield Utd,32.0,1992.0,3,3,270,3.0,0,0,0,0,0,0,0,0,0.0,0.0,0.0,0.0,0,0,0
184,Isaak Davies,WAL,FW,MF,Cardiff City,22.0,2001.0,9,3,287,3.2,2,0,2,2,0,0,1,0,1.6,1.6,0.2,1.8,10,1,33
185,Tom Davies,ENG,MF,,Sheffield Utd,26.0,1998.0,13,6,673,7.5,1,1,2,1,0,0,4,0,1.0,1.0,0.3,1.3,13,38,19
186,James Debayo,ENG,DF,,Leeds United,19.0,2005.0,1,0,1,0.0,0,0,0,0,0,0,0,0,0.0,0.0,0.0,0.0,0,0,0
187,Hannes Delcroix,HAI,DF,,Swansea City,25.0,1999.0,12,10,888,9.9,0,0,0,0,0,0,2,0,0.2,0.2,0.1,0.4,4,40,3
188,Tom Dele-Bashiru,NGA,MF,,Watford,24.0,1999.0,27,25,2064,22.9,4,0,4,1,3,3,0,0,3.8,1.5,0.4,1.8,14,71,19
189,Karamoko Dembélé,ENG,FW,MF,QPR,21.0,2003.0,23,15,1186,13.2,3,4,7,3,0,0,2,0,1.3,1.3,2.7,3.9,26,47,75
190,Siriki Dembélé,CIV,FW,MF,Oxford United,27.0,1996.0,25,15,1371,15.2,2,1,3,2,0,0,2,0,2.5,2.5,2.2,4.7,42,33,68
191,Rav van den Berg,NED,DF,,Middlesbrough,20.0,2004.0,27,23,2128,23.6,0,0,0,0,0,0,4,1,0.4,0.4,0.3,0.7,10,104,6
192,Emmanuel Dennis,NGA,FW,MF,Blackburn,26.0,1997.0,6,1,160,1.8,0,1,1,0,0,0,3,1,0.1,0.1,0.5,0.6,8,11,16
193,Terry Devlin,NIR,DF,MF,Portsmouth,20.0,2003.0,34,13,1562,17.4,0,1,1,0,0,0,2,0,0.3,0.3,0.7,1.1,15,47,33
194,Ousmane Diakité,MLI,MF,DF,West Brom,24.0,2000.0,22,9,860,9.6,0,0,0,0,0,0,1,0,0.4,0.4,0.1,0.4,4,26,8
195,Grady Diangana,COD,FW,MF,West Brom,26.0,1998.0,34,14,1494,16.6,4,3,7,4,0,0,1,0,3.6,3.6,2.3,5.9,38,74,98
196,Robert Dickie,ENG,DF,,Bristol City,28.0,1996.0,36,35,3121,34.7,2,1,3,2,0,0,5,1,2.4,2.4,0.6,3.0,8,95,1
197,Seny Dieng,SEN,GK,,Middlesbrough,29.0,1994.0,17,17,1530,17.0,0,0,0,0,0,0,0,0,0.0,0.0,0.5,0.5,0,0,0
198,Anfernee Dijksteel,SUR,DF,,Middlesbrough,27.0,1996.0,33,27,2525,28.1,2,1,3,2,0,0,5,0,0.4,0.4,1.6,2.1,57,117,77
199,Daryl Dike,USA,FW,MF,West Brom,24.0,2000.0,11,1,227,2.5,1,1,2,1,0,0,1,0,0.7,0.7,1.0,1.7,1,4,10
200,Jaden Dixon,ENG,FW,DF,Stoke City,17.0,2007.0,2,0,11,0.1,0,0,0,0,0,0,0,0,0.0,0.0,0.0,0.0,0,1,0
201,Elijah Dixon-Bonner,ENG,MF,FW,QPR,23.0,2001.0,3,0,10,0.1,0,0,0,0,0,0,1,0,0.0,0.0,0.0,0.0,0,1,1
202,Lewis Dobbin,ENG,FW,,Norwich City,21.0,2003.0,10,8,640,7.1,2,0,2,2,0,0,1,0,1.1,1.1,0.6,1.7,20,12,58
203,Lewis Dobbin,ENG,FW,MF,West Brom,21.0,2003.0,17,1,340,3.8,0,0,0,0,0,0,0,0,0.3,0.3,0.0,0.3,12,10,25
204,Tyrhys Dolan,ENG,FW,MF,Blackburn,22.0,2001.0,44,40,3175,35.3,7,6,13,6,1,1,12,0,7.2,6.5,4.6,11.0,95,104,221
205,Alfie Doughty,ENG,DF,MF,Luton Town,24.0,1999.0,26,25,2037,22.6,1,4,5,1,0,0,5,0,0.8,0.8,6.6,7.4,64,80,115
206,Mamadou Doumbia,MLI,FW,,Watford,18.0,2006.0,19,12,968,10.8,2,0,2,2,0,0,2,0,2.2,2.2,0.3,2.5,8,7,46
207,Oliver Dovin,SWE,GK,,Coventry City,22.0,2002.0,28,28,2467,27.4,0,0,0,0,0,0,1,0,0.0,0.0,0.0,0.0,0,0,0
208,Callum Doyle,ENG,DF,,Norwich City,20.0,2003.0,40,38,3440,38.2,1,7,8,1,0,0,11,0,1.5,1.5,3.8,5.3,36,191,62
209,Andre Dozzell,ENG,MF,,Portsmouth,25.0,1999.0,39,32,2817,31.3,2,1,3,2,0,0,11,0,2.5,2.5,1.6,4.1,8,85,33
210,Cody Drameh,ENG,DF,,Hull City,22.0,2001.0,28,17,1649,18.3,1,1,2,1,0,0,2,0,0.4,0.4,1.1,1.6,49,91,47
211,Shane Duffy,IRL,DF,,Norwich City,32.0,1992.0,45,45,4040,44.9,4,0,4,4,0,0,4,0,3.2,3.2,1.5,4.8,16,119,8
212,Jimmy Dunne,IRL,DF,,QPR,26.0,1997.0,45,45,4050,45.0,5,2,7,5,0,0,9,0,4.8,4.8,2.6,7.5,56,130,66
213,Leonard Duru,ENG,DF,,Blackburn,19.0,2005.0,1,0,2,0.0,0,0,0,0,0,0,0,0,0.0,0.0,0.0,0.0,0,0,0
214,Pierre Dwomoh,BEL,MF,,Watford,20.0,2004.0,9,6,530,5.9,0,0,0,0,0,0,1,0,0.5,0.5,0.2,0.8,8,20,7
215,Lyndon Dykes,SCO,FW,,QPR,28.0,1995.0,1,0,6,0.1,1,0,1,1,0,0,0,0,0.1,0.1,0.0,0.1,0,0,0
216,George Earthy,ENG,MF,FW,Bristol City,19.0,2004.0,37,11,1457,16.2,3,1,4,3,0,0,3,0,3.5,3.5,1.0,4.5,50,50,126
217,Malcolm Ebiowei,ENG,MF,,Oxford United,20.0,2003.0,4,0,68,0.8,0,0,0,0,0,0,1,0,0.3,0.3,0.1,0.4,4,5,7
218,Festy Ebosele,IRL,DF,MF,Watford,21.0,2002.0,18,7,757,8.4,1,1,2,1,0,0,7,0,0.4,0.4,1.7,2.1,30,28,45
219,Josh Eccles,ENG,MF,,Coventry City,24.0,2000.0,39,25,2340,26.0,3,3,6,3,0,0,6,0,2.8,2.8,2.9,5.8,40,143,73
220,George Edmundson,ENG,DF,,Middlesbrough,26.0,1997.0,24,24,2090,23.2,1,0,1,1,0,0,9,0,2.4,2.4,0.1,2.5,17,91,1
221,Joe Edwards,ENG,DF,,Plymouth Argyle,33.0,1990.0,17,12,1136,12.6,1,1,2,1,0,0,4,1,1.1,1.1,0.4,1.5,8,42,22
222,Kyle Edwards,ENG,MF,FW,Oxford United,26.0,1998.0,7,1,199,2.2,0,1,1,0,0,0,0,0,0.0,0.0,0.7,0.8,19,10,20
223,Marcus Edwards,ENG,FW,MF,Burnley,25.0,1998.0,14,12,936,10.4,1,1,2,1,0,0,1,0,1.7,1.7,2.2,3.8,49,50,108
224,Ronnie Edwards,ENG,DF,MF,QPR,21.0,2003.0,21,20,1819,20.2,2,0,2,2,0,0,2,0,1.7,1.7,0.2,1.9,17,46,6
225,John Egan,IRL,DF,,Burnley,31.0,1992.0,7,1,165,1.8,0,0,0,0,0,0,0,0,0.0,0.0,0.0,0.0,0,4,0
226,John Egan,IRL,DF,,Hull City,31.0,1992.0,11,8,730,8.1,0,0,0,0,0,0,1,0,0.3,0.3,0.2,0.4,0,14,2
227,CJ Egan-Riley,ENG,DF,,Burnley,21.0,2003.0,41,40,3601,40.0,1,1,2,1,0,0,7,1,1.0,1.0,0.6,1.7,26,129,9
228,Callum Elder,AUS,DF,,Derby County,29.0,1995.0,29,24,2149,23.9,0,3,3,0,0,0,8,0,0.4,0.4,3.7,4.1,42,89,87
229,Aidomo Emakhu,IRL,FW,MF,Millwall,20.0,2003.0,25,6,696,7.7,0,2,2,0,0,0,3,1,0.9,0.9,1.1,2.0,37,14,60
230,Lukas Engel,DEN,DF,,Middlesbrough,25.0,1998.0,9,4,368,4.1,0,0,0,0,0,0,1,0,0.2,0.2,0.2,0.4,8,33,45
231,Niall Ennis,ENG,FW,,Stoke City,25.0,1999.0,9,1,195,2.2,0,0,0,0,0,0,0,0,0.2,0.2,0.0,0.2,1,0,13
232,Romain Esse,ENG,FW,MF,Millwall,19.0,2005.0,24,24,2018,22.4,4,1,5,4,0,0,4,0,2.2,2.2,4.4,6.6,37,73,121
233,Maxime Estève,FRA,DF,,Burnley,22.0,2002.0,46,46,4055,45.1,1,0,1,1,0,0,3,0,0.9,0.9,0.1,1.0,19,140,2
234,Oscar Estupiñan,COL,FW,,Hull City,27.0,1996.0,2,2,147,1.6,1,0,1,0,1,1,0,0,1.3,0.5,0.0,0.5,0,1,3
235,Ched Evans,WAL,FW,MF,Preston,35.0,1988.0,8,0,102,1.1,0,2,2,0,0,0,0,0,0.9,0.9,0.8,1.8,1,0,14
236,George Evans,ENG,GK,,Millwall,19.0,2005.0,4,4,360,4.0,0,0,0,0,0,0,0,0,0.0,0.0,0.0,0.0,0,0,0
237,Milan van Ewijk,NED,DF,,Coventry City,23.0,2000.0,45,45,4010,44.6,2,2,4,2,0,0,1,0,2.1,2.1,6.0,8.1,99,151,207
238,Malachi Fagan-Walcott,ENG,DF,,Cardiff City,22.0,2002.0,1,0,24,0.3,0,0,0,0,0,0,0,0,0.0,0.0,0.0,0.0,0,0,0
239,Akin Famewo,ENG,DF,,Sheffield Weds,25.0,1998.0,13,11,938,10.4,0,1,1,0,0,0,2,0,0.3,0.3,0.1,0.4,1,22,0
240,Lamine Fanne,ESP,MF,FW,Luton Town,20.0,2004.0,12,6,584,6.5,0,0,0,0,0,0,1,0,0.7,0.7,0.3,1.0,4,9,12
241,Jacob Farrell,AUS,DF,,Portsmouth,21.0,2002.0,1,1,90,1.0,0,0,0,0,0,0,0,0,0.1,0.1,0.0,0.1,2,1,4
242,Christian Fassnacht,SUI,FW,DF,Norwich City,30.0,1993.0,3,1,82,0.9,0,0,0,0,0,0,0,0,0.5,0.5,0.0,0.5,0,3,8
243,Tom Fellows,ENG,FW,MF,West Brom,21.0,2003.0,45,35,2872,31.9,4,14,18,4,0,0,4,0,4.3,4.3,7.5,11.8,156,48,321
244,Marselino Ferdinan,IDN,MF,,Oxford United,19.0,2004.0,1,0,14,0.2,0,0,0,0,0,0,0,0,0.0,0.0,0.0,0.0,0,0,0
245,Sam Field,ENG,MF,,QPR,26.0,1998.0,35,35,2905,32.3,3,0,3,3,0,0,8,0,3.4,3.4,1.4,4.7,14,78,27
246,Tegan Finn,,MF,,Plymouth Argyle,,,4,1,144,1.6,0,0,0,0,0,0,0,0,0.0,0.0,0.0,0.0,2,3,8
247,Junior Firpo,DOM,DF,,Leeds United,27.0,1996.0,32,30,2616,29.1,4,10,14,4,0,0,7,0,4.1,4.1,6.6,10.8,66,158,236
248,Will Fish,ENG,DF,,Cardiff City,21.0,2003.0,21,14,1376,15.3,0,0,0,0,0,0,4,0,0.8,0.8,0.2,1.0,4,31,5
249,Kellen Fisher,ENG,DF,MF,Norwich City,20.0,2004.0,38,34,2692,29.9,0,4,4,0,0,0,10,0,1.7,1.7,2.6,4.2,45,98,118
250,Zian Flemming,NED,FW,,Burnley,25.0,1998.0,35,28,2424,26.9,12,4,16,12,0,0,3,0,9.3,9.3,3.6,12.9,19,38,90
251,Tyrese Fornah,SLE,MF,,Derby County,24.0,1999.0,1,0,5,0.1,0,0,0,0,0,0,0,0,0.0,0.0,0.0,0.0,0,0,0
252,Adam Forshaw,ENG,MF,,Plymouth Argyle,32.0,1991.0,16,7,683,7.6,0,0,0,0,0,0,5,1,0.3,0.3,0.1,0.4,4,32,16
253,Adam Forshaw,ENG,MF,,Blackburn,32.0,1991.0,16,5,563,6.3,1,0,1,1,0,0,2,0,0.3,0.3,0.1,0.4,3,22,4
254,Amankwah Forson,GHA,MF,FW,Norwich City,21.0,2002.0,21,8,727,8.1,2,2,4,2,0,0,2,0,1.3,1.3,1.3,2.5,11,28,38
255,Marcus Forss,FIN,FW,,Middlesbrough,25.0,1999.0,24,6,666,7.4,1,0,1,1,0,0,1,0,2.4,2.4,1.2,3.6,12,7,55
256,Craig Forsyth,SCO,DF,,Derby County,35.0,1989.0,39,26,2557,28.4,3,4,7,3,0,0,4,0,2.0,2.0,1.6,3.6,21,104,37
257,Gabriel Forsyth,SCO,MF,FW,Norwich City,17.0,2006.0,5,2,163,1.8,0,0,0,0,0,0,0,0,0.1,0.1,0.0,0.1,1,13,6
258,Lyle Foster,RSA,FW,,Burnley,23.0,2000.0,28,17,1590,17.7,2,5,7,2,0,0,4,0,4.4,4.4,2.7,7.1,41,37,103
259,Morgan Fox,WAL,DF,,QPR,30.0,1993.0,26,12,1344,14.9,1,0,1,1,0,0,3,0,0.6,0.6,0.4,0.9,5,29,2
260,Gianluca Frabotta,ITA,DF,,West Brom,25.0,1999.0,6,0,65,0.7,0,0,0,0,0,0,0,0,0.0,0.0,0.0,0.0,1,3,7
261,Gonçalo Franco,POR,MF,,Swansea City,23.0,2000.0,40,39,3141,34.9,2,2,4,2,0,0,6,0,4.2,4.2,2.0,6.2,23,138,82
262,Michael Frey,SUI,FW,,QPR,30.0,1994.0,29,21,1781,19.8,8,1,9,7,1,1,6,0,5.5,4.7,1.2,5.9,11,29,69
263,Dael Fry,ENG,DF,,Middlesbrough,26.0,1997.0,21,15,1416,15.7,0,0,0,0,0,0,1,0,0.4,0.4,0.4,0.9,3,37,3
264,Mads Frøkjær-Jensen,DEN,FW,MF,Preston,25.0,1999.0,38,27,2362,26.2,2,5,7,2,0,0,8,0,1.6,1.6,3.9,5.5,52,125,137
265,Leo Fuhr Hjelde,NOR,DF,,Sunderland,20.0,2003.0,15,5,410,4.6,0,1,1,0,0,0,3,0,0.0,0.0,0.2,0.2,3,22,16
266,Jay Fulton,SCO,MF,,Swansea City,30.0,1994.0,31,13,1289,14.3,1,0,1,1,0,0,6,0,1.6,1.6,0.8,2.5,6,51,23
267,Darnell Furlong,ENG,DF,,West Brom,28.0,1995.0,42,42,3706,41.2,1,3,4,1,0,0,8,1,3.0,3.0,4.7,7.7,66,184,136
268,Sam Gallagher,ENG,FW,MF,Stoke City,28.0,1995.0,22,9,1024,11.4,3,1,4,3,0,0,5,0,3.4,3.4,1.2,4.6,8,17,41
269,Brendan Galloway,ZIM,DF,,Plymouth Argyle,28.0,1996.0,13,11,980,10.9,0,0,0,0,0,0,0,0,0.1,0.1,0.8,0.9,10,26,14
270,Ben Gannon-Doak,SCO,FW,,Middlesbrough,18.0,2005.0,24,21,1778,19.8,3,7,10,3,0,0,7,0,4.4,4.4,4.6,8.9,134,56,250
271,Djeidi Gassama,FRA,MF,FW,Sheffield Weds,20.0,2003.0,43,36,2975,33.1,7,1,8,7,0,0,4,0,6.0,6.0,2.5,8.5,107,64,203
272,Joe Gelhardt,ENG,FW,MF,Leeds United,22.0,2002.0,2,0,10,0.1,0,0,0,0,0,0,0,0,0.0,0.0,0.0,0.0,0,0,1
273,Joe Gelhardt,ENG,FW,MF,Hull City,22.0,2002.0,20,19,1593,17.7,5,0,5,3,2,2,4,0,5.5,3.9,2.2,6.1,51,46,80
274,Anwar El Ghazi,NED,FW,,Cardiff City,29.0,1995.0,25,14,1175,13.1,3,1,4,3,0,0,0,0,5.2,5.2,1.2,6.3,31,22,98
275,Liam Gibbs,ENG,MF,FW,Norwich City,21.0,2002.0,9,1,212,2.4,0,0,0,0,0,0,0,0,0.2,0.2,0.2,0.4,9,5,16
276,Ben Gibson,ENG,DF,,Stoke City,31.0,1993.0,24,22,1946,21.6,3,0,3,3,0,0,6,0,1.1,1.1,0.1,1.1,5,54,2
277,Lewis Gibson,ENG,DF,,Preston,24.0,2000.0,19,19,1634,18.2,1,0,1,1,0,0,2,0,1.3,1.3,0.2,1.5,9,45,7
278,Lewis Gibson,ENG,DF,,Plymouth Argyle,24.0,2000.0,18,18,1620,18.0,1,1,2,1,0,0,1,0,0.9,0.9,0.3,1.2,13,64,1
279,Alexander Gilbert,IRL,MF,,Middlesbrough,22.0,2001.0,7,0,77,0.9,1,0,1,1,0,0,0,0,0.1,0.1,0.3,0.4,1,11,8
280,Alfie Gilchrist,ENG,DF,,Sheffield Utd,20.0,2003.0,30,27,2103,23.4,0,2,2,0,0,0,5,0,0.4,0.4,1.4,1.7,32,120,57
281,Ryan Giles,ENG,DF,,Middlesbrough,24.0,2000.0,12,3,307,3.4,0,0,0,0,0,0,0,0,0.1,0.1,0.1,0.1,14,8,30
282,Ryan Giles,ENG,DF,,Hull City,24.0,2000.0,16,11,904,10.0,0,0,0,0,0,0,0,0,0.2,0.2,1.3,1.5,34,32,33
283,Josh Ginnelly,ENG,FW,,Swansea City,27.0,1997.0,3,0,33,0.4,0,0,0,0,0,0,0,0,0.0,0.0,0.0,0.0,5,1,8
284,Tom Glover,AUS,GK,,Middlesbrough,26.0,1997.0,7,6,571,6.3,0,0,0,0,0,0,0,0,0.0,0.0,0.2,0.2,0,0,0
285,Wilfried Gnonto,ITA,FW,,Leeds United,20.0,2003.0,43,26,2276,25.3,9,6,15,9,0,0,5,0,8.3,8.3,5.7,13.9,83,124,240
286,Lynden Gooch,USA,DF,FW,Stoke City,28.0,1995.0,20,12,1038,11.5,0,1,1,0,0,0,3,0,0.2,0.2,0.8,1.1,22,39,32
287,Tyler Goodhram,ENG,MF,FW,Oxford United,20.0,2003.0,41,33,3052,33.9,3,6,9,3,0,0,5,0,2.6,2.6,3.2,5.8,53,80,121
288,Will Goodwin,ENG,FW,MF,Oxford United,22.0,2002.0,3,0,23,0.3,0,0,0,0,0,0,0,0,0.0,0.0,0.4,0.4,0,0,1
289,Kaide Gordon,ENG,FW,MF,Norwich City,19.0,2004.0,10,1,181,2.0,1,0,1,1,0,0,1,0,0.4,0.4,0.0,0.4,6,10,12
290,Kaide Gordon,ENG,FW,MF,Portsmouth,19.0,2004.0,5,0,154,1.7,0,0,0,0,0,0,0,0,0.0,0.0,0.0,0.0,3,5,13
291,Kenzo Goudmijn,NED,MF,,Derby County,22.0,2001.0,41,29,2321,25.8,2,2,4,2,0,0,4,0,2.3,2.3,1.8,4.1,51,140,68
292,Dimitris Goutas,GRE,DF,,Cardiff City,30.0,1994.0,34,33,2919,32.4,1,1,2,1,0,0,3,1,1.3,1.3,1.3,2.6,3,76,4
293,Karlan Grant,ENG,FW,MF,West Brom,26.0,1997.0,43,34,2930,32.6,7,2,9,7,0,0,2,0,7.0,7.0,5.5,12.4,126,71,242
294,Andre Gray,JAM,FW,,Plymouth Argyle,33.0,1991.0,13,5,550,6.1,3,1,4,3,0,0,1,0,0.6,0.6,0.5,1.1,3,11,20
295,Harry Gray,ENG,MF,,Leeds United,15.0,2008.0,1,0,5,0.1,0,0,0,0,0,0,0,0,0.0,0.0,0.0,0.0,0,0,0
296,Sam Greenwood,ENG,FW,MF,Preston,22.0,2002.0,38,29,2427,27.0,5,3,8,3,2,2,9,2,6.2,4.6,6.1,10.7,62,62,152
297,Joshua Griffiths,ENG,GK,,West Brom,22.0,2001.0,6,6,540,6.0,0,0,0,0,0,0,0,0,0.0,0.0,0.0,0.0,0,0,0
298,Matt Grimes,ENG,MF,,Coventry City,29.0,1995.0,16,15,1366,15.2,2,1,3,2,0,0,4,0,0.8,0.8,1.3,2.1,12,97,12
299,Matt Grimes,ENG,MF,,Swansea City,29.0,1995.0,29,29,2610,29.0,2,1,3,1,1,1,4,0,1.6,0.8,3.3,4.0,36,254,24
300,Daniel Grimshaw,ENG,GK,,Plymouth Argyle,26.0,1998.0,21,21,1890,21.0,0,0,0,0,0,0,2,0,0.0,0.0,0.0,0.0,0,0,0
301,Ilia Gruev,BUL,MF,,Leeds United,24.0,2000.0,23,20,1699,18.9,0,2,2,0,0,0,3,0,1.3,1.3,2.4,3.8,17,102,22
302,Makhtar Gueye,SEN,FW,,Blackburn,26.0,1997.0,44,23,2193,24.4,6,6,12,6,0,0,10,1,7.0,7.0,2.4,9.4,28,37,104
303,Josuha Guilavogui,FRA,MF,DF,Leeds United,33.0,1990.0,16,0,65,0.7,0,0,0,0,0,0,0,0,0.1,0.1,0.1,0.2,0,11,2
304,Angus Gunn,SCO,GK,,Norwich City,28.0,1996.0,35,35,3104,34.5,0,0,0,0,0,0,1,0,0.0,0.0,0.0,0.0,0,0,0
305,Darko Gyabi,ENG,MF,,Plymouth Argyle,20.0,2004.0,43,34,2841,31.6,1,2,3,1,0,0,10,0,3.0,3.0,1.4,4.4,55,114,46
306,Hayden Hackney,ENG,MF,,Middlesbrough,22.0,2002.0,43,43,3792,42.1,5,3,8,5,0,0,9,1,4.2,4.2,4.9,9.0,118,440,95
307,Rami Al Hajj,SWE,MF,,Plymouth Argyle,22.0,2001.0,28,18,1374,15.3,3,0,3,3,0,0,1,0,1.8,1.8,0.9,2.8,16,50,61
308,Ali Al Hamadi,IRQ,FW,,Stoke City,22.0,2002.0,15,11,829,9.2,2,0,2,2,0,0,2,0,2.7,2.7,0.6,3.3,18,10,46
309,Gustavo Hamer,NED,FW,MF,Sheffield Utd,27.0,1997.0,41,36,3124,34.7,9,7,16,9,0,0,13,0,5.9,5.8,9.3,15.1,56,223,166
310,Micah Hamilton,ENG,FW,,Middlesbrough,20.0,2003.0,13,2,316,3.5,0,0,0,0,0,0,0,0,0.3,0.3,0.2,0.5,21,22,39
311,Grant Hanley,SCO,DF,,Norwich City,32.0,1991.0,3,1,79,0.9,0,0,0,0,0,0,0,0,0.0,0.0,0.0,0.0,0,0,1
312,Ryan Hardie,SCO,FW,MF,Plymouth Argyle,27.0,1997.0,37,28,2265,25.2,10,3,13,7,3,3,0,0,12.1,9.9,1.6,11.5,27,19,96
313,Wes Harding,JAM,DF,,Millwall,27.0,1996.0,5,2,193,2.1,0,0,0,0,0,0,1,0,0.0,0.0,0.0,0.0,5,4,11
314,Marcus Harness,ENG,MF,FW,Derby County,28.0,1996.0,41,26,2356,26.2,4,3,7,4,0,0,11,0,3.8,3.8,1.9,5.7,26,81,111
315,Mark Harris,WAL,FW,,Oxford United,25.0,1998.0,46,34,2893,32.1,6,3,9,6,0,0,3,0,7.4,7.4,1.1,8.5,19,22,102
316,Daiki Hashioka,JPN,DF,,Luton Town,25.0,1999.0,17,12,1204,13.4,0,0,0,0,0,0,3,0,0.5,0.5,0.3,0.9,9,23,27
317,Joseph Hatch,WAL,MF,,Plymouth Argyle,17.0,2006.0,1,0,2,0.0,0,0,0,0,0,0,0,0,0.0,0.0,0.0,0.0,0,0,0
318,Ryo Hatsuse,JPN,DF,MF,Sheffield Weds,27.0,1997.0,6,5,348,3.9,0,0,0,0,0,0,1,0,0.0,0.0,0.1,0.2,10,10,11
319,Isaac Hayden,JAM,MF,,Portsmouth,29.0,1995.0,17,12,936,10.4,0,0,0,0,0,0,2,0,0.5,0.5,0.0,0.5,2,22,19
320,Conor Hazard,NIR,GK,,Plymouth Argyle,26.0,1998.0,25,25,2250,25.0,0,0,0,0,0,0,4,0,0.0,0.0,0.0,0.0,0,0,0
321,Ryan Hedges,WAL,FW,,Blackburn,29.0,1995.0,42,33,2561,28.5,1,2,3,1,0,0,4,0,2.8,2.8,2.7,5.5,77,98,176
322,Torbjørn Heggem,NOR,DF,,West Brom,25.0,1999.0,45,45,4010,44.6,1,2,3,1,0,0,3,0,2.0,2.0,1.5,3.6,26,98,46
323,Michał Helik,POL,DF,,Oxford United,28.0,1995.0,20,20,1800,20.0,5,0,5,5,0,0,4,0,3.1,3.1,0.5,3.5,3,24,8
324,Onel Hernández,CUB,FW,MF,Norwich City,31.0,1993.0,23,5,639,7.1,0,3,3,0,0,0,2,0,0.8,0.8,1.0,1.8,41,13,88
325,Brad Hills,ENG,DF,,Norwich City,20.0,2004.0,3,0,16,0.2,0,0,0,0,0,0,0,0,0.0,0.0,0.0,0.0,0,0,1
326,Yu Hirakawa,JPN,FW,MF,Bristol City,23.0,2001.0,36,17,1657,18.4,2,2,4,2,0,0,0,0,2.5,2.5,2.1,4.5,72,57,186
327,Václav Hladký,CZE,GK,,Burnley,33.0,1990.0,1,1,90,1.0,0,0,0,0,0,0,0,0,0.0,0.0,0.0,0.0,0,0,0
328,Rob Holding,ENG,DF,,Sheffield Utd,28.0,1995.0,10,4,420,4.7,0,1,1,0,0,0,1,0,0.3,0.3,0.7,1.0,0,20,1
329,Mason Holgate,JAM,DF,,West Brom,27.0,1996.0,26,21,1983,22.0,1,1,2,1,0,0,2,0,1.1,1.1,1.2,2.2,5,47,6
330,Duane Holmes,USA,MF,FW,Preston,29.0,1994.0,29,6,835,9.3,1,1,2,1,0,0,4,0,0.3,0.3,1.9,2.3,31,49,46
331,Tom Holmes,ENG,DF,,Luton Town,24.0,2000.0,18,15,1316,14.6,1,1,2,1,0,0,4,1,0.7,0.7,0.9,1.6,1,48,7
332,George Honeyman,ENG,MF,FW,Millwall,29.0,1994.0,40,28,2422,26.9,2,5,7,2,0,0,7,0,3.7,3.7,4.5,8.2,17,70,117
333,Ethan Horvath,USA,GK,,Cardiff City,29.0,1995.0,17,17,1530,17.0,0,0,0,0,0,0,0,0,0.0,0.0,0.0,0.0,0,0,0
334,Jordan Houghton,ENG,MF,,Plymouth Argyle,28.0,1995.0,30,15,1526,17.0,0,0,0,0,0,0,2,0,0.5,0.5,0.2,0.7,3,30,11
335,Andreas Hountondji,BEN,FW,MF,Burnley,22.0,2002.0,9,2,209,2.3,0,0,0,0,0,0,0,0,0.9,0.9,0.0,0.9,3,2,10
336,Jonny Howson,ENG,DF,MF,Middlesbrough,36.0,1988.0,21,15,1396,15.5,1,0,1,1,0,0,0,0,0.3,0.3,0.6,0.8,16,93,16
337,Andrew Hughes,WAL,DF,,Preston,32.0,1992.0,40,36,3236,36.0,0,1,1,0,0,0,8,0,0.5,0.5,1.0,1.6,42,121,54
338,Charlie Hughes,ENG,DF,,Hull City,20.0,2003.0,27,26,2345,26.1,1,1,2,1,0,0,9,0,0.5,0.5,0.5,1.0,23,92,4
339,Trai Hume,NIR,DF,,Sunderland,22.0,2002.0,44,43,3810,42.3,3,6,9,3,0,0,11,1,2.0,2.0,6.8,8.9,63,217,138
340,Bashir Humphreys,ENG,DF,,Burnley,21.0,2003.0,25,20,1777,19.7,1,2,3,1,0,0,3,1,0.6,0.6,0.9,1.5,36,87,55
341,Shaun Hutchinson,ENG,DF,,Millwall,33.0,1990.0,9,4,396,4.4,0,0,0,0,0,0,1,0,0.1,0.1,0.0,0.1,1,10,4
342,Dominic Hyam,SCO,DF,,Blackburn,28.0,1995.0,46,46,4140,46.0,2,2,4,2,0,0,5,0,2.8,2.8,0.7,3.5,8,66,6
343,Adam Idah,IRL,FW,,Norwich City,23.0,2001.0,1,0,30,0.3,0,0,0,0,0,0,0,0,0.0,0.0,0.1,0.1,1,0,4
344,Kelechi Iheanacho,NGA,FW,MF,Middlesbrough,27.0,1996.0,15,9,765,8.5,1,2,3,1,0,0,0,0,2.0,2.0,0.7,2.8,12,24,40
345,Michael Ihiekwe,ENG,DF,,Sheffield Weds,31.0,1992.0,22,20,1821,20.2,2,0,2,2,0,0,2,0,1.7,1.7,0.3,2.0,5,31,7
346,Samuel Iling-Junior,ENG,DF,FW,Middlesbrough,20.0,2003.0,16,11,1057,11.7,1,2,3,1,0,0,2,0,0.5,0.5,2.3,2.8,47,47,76
347,Tom Ince,ENG,MF,FW,Watford,32.0,1992.0,32,13,1289,14.3,1,1,2,0,1,1,1,0,2.5,1.7,2.3,4.0,23,42,29
348,Svante Ingelsson,SWE,MF,FW,Sheffield Weds,26.0,1998.0,35,19,1692,18.8,1,5,6,1,0,0,5,0,2.5,2.5,4.3,6.8,31,44,87
349,Matt Ingram,ENG,GK,,Oxford United,30.0,1993.0,1,1,90,1.0,0,0,0,0,0,0,0,0,0.0,0.0,0.0,0.0,0,0,0
350,Dominic Iorfa,ENG,DF,,Sheffield Weds,29.0,1995.0,22,17,1435,15.9,1,0,1,1,0,0,4,0,1.0,1.0,0.4,1.4,8,27,13
351,Wilson Isidor,FRA,FW,,Sunderland,23.0,2000.0,43,34,3112,34.6,12,2,14,12,0,2,9,0,15.4,13.8,3.8,17.6,35,23,128
352,Frederick Issaka,WAL,FW,MF,Plymouth Argyle,18.0,2006.0,19,3,596,6.6,1,0,1,1,0,0,0,1,0.7,0.7,0.1,0.8,15,8,42
353,Mihailo Ivanović,SRB,FW,MF,Millwall,19.0,2004.0,37,23,2176,24.2,12,0,12,11,1,1,2,0,8.4,7.6,1.3,9.0,10,40,107
354,Kayden Jackson,ENG,FW,DF,Derby County,30.0,1994.0,46,28,2575,28.6,3,2,5,3,0,0,6,0,5.2,5.2,1.9,7.1,39,30,164
355,Matty Jacob,ENG,DF,,Hull City,23.0,2001.0,8,4,447,5.0,1,0,1,1,0,0,2,0,0.4,0.4,0.0,0.4,1,22,4
356,Daniel James,WAL,FW,,Leeds United,26.0,1997.0,36,30,2609,29.0,12,9,21,12,0,0,4,0,10.4,10.4,8.7,19.1,117,100,301
357,William Jarvis,ENG,MF,FW,Hull City,21.0,2002.0,6,0,161,1.8,0,0,0,0,0,0,0,0,0.1,0.1,0.1,0.2,7,8,19
358,Daniel Jebbison,CAN,FW,,Watford,20.0,2003.0,13,3,387,4.3,0,0,0,0,0,0,2,0,1.6,1.6,0.2,1.9,5,4,21
359,Lukas Jensen,DEN,GK,,Millwall,25.0,1999.0,41,41,3689,41.0,0,0,0,0,0,0,1,0,0.0,0.0,0.0,0.0,0,0,0
360,Eom Jisung,KOR,FW,MF,Swansea City,22.0,2002.0,37,28,2287,25.4,3,2,5,3,0,0,2,0,6.1,6.1,3.2,9.3,55,62,178
361,Viktor Johansson,SWE,GK,,Stoke City,25.0,1998.0,46,46,4140,46.0,0,0,0,0,0,0,4,0,0.0,0.0,0.3,0.3,0,0,0
362,Daniel Johnson,JAM,FW,,Stoke City,31.0,1992.0,1,0,5,0.1,0,0,0,0,0,0,0,0,0.0,0.0,0.0,0.0,0,1,0
363,Joseph Johnson,ENG,DF,,Luton Town,18.0,2006.0,8,5,470,5.2,0,0,0,0,0,0,3,1,0.0,0.0,0.2,0.2,4,22,8
364,Marvin Johnson,ENG,DF,MF,Sheffield Weds,33.0,1990.0,41,30,2795,31.1,0,2,2,0,0,0,3,0,0.8,0.8,5.2,6.0,73,133,148
365,Michael Johnston,IRL,FW,MF,West Brom,25.0,1999.0,40,25,2069,23.0,3,5,8,3,0,0,3,0,3.9,3.9,4.4,8.3,134,119,181
366,Alfie Jones,CAN,DF,,Hull City,26.0,1997.0,41,37,3389,37.7,0,0,0,0,0,0,8,0,0.5,0.5,0.7,1.2,20,132,4
367,Harrison Jones,ENG,MF,,Sunderland,19.0,2004.0,4,2,132,1.5,0,0,0,0,0,0,1,0,0.1,0.1,0.3,0.4,2,6,10
368,Isaiah Jones,GUY,FW,,Middlesbrough,25.0,1999.0,21,8,796,8.8,0,0,0,0,0,0,1,0,1.7,1.7,2.2,3.8,29,33,89
369,Isaiah Jones,GUY,DF,MF,Luton Town,25.0,1999.0,17,16,1310,14.6,2,0,2,2,0,0,4,0,1.3,1.3,0.3,1.6,40,42,66
370,Kyle Joseph,SCO,FW,,Hull City,22.0,2001.0,16,13,1009,11.2,0,0,0,0,0,0,0,0,2.2,2.2,0.9,3.1,18,10,54
371,Mateo Joseph,ESP,FW,,Leeds United,20.0,2003.0,39,11,1285,14.3,3,3,6,3,0,0,0,0,5.1,5.1,1.9,7.0,20,24,66
372,Mads Juel Andersen,DEN,DF,,Luton Town,26.0,1997.0,8,5,410,4.6,0,0,0,0,0,0,3,0,0.4,0.4,0.0,0.4,0,8,1
373,Bae Junho,KOR,FW,MF,Stoke City,20.0,2003.0,45,37,3260,36.2,3,5,8,3,0,0,5,0,5.1,5.0,5.0,9.9,84,116,219
374,Matěj Jurásek,CZE,FW,MF,Norwich City,20.0,2003.0,2,1,83,0.9,0,0,0,0,0,0,0,0,0.0,0.0,0.0,0.0,5,4,9
375,Abdoulaye Kamara,GUI,MF,FW,Portsmouth,19.0,2004.0,5,0,124,1.4,0,0,0,0,0,0,1,0,0.0,0.0,0.0,0.0,2,9,3
376,Abu Kamara,ENG,FW,,Norwich City,21.0,2003.0,2,0,17,0.2,0,0,0,0,0,0,0,0,0.0,0.0,0.0,0.0,1,0,5
377,Abu Kamara,ENG,FW,MF,Hull City,21.0,2003.0,36,25,2256,25.1,5,3,8,5,0,0,1,0,4.8,4.8,4.4,9.2,81,34,209
378,Thomas Kaminski,BEL,GK,,Luton Town,31.0,1992.0,45,45,3990,44.3,0,1,1,0,0,0,5,1,0.0,0.0,0.1,0.1,0,3,0
379,Wilfried Kanga,CIV,FW,,Cardiff City,26.0,1998.0,15,5,458,5.1,0,0,0,0,0,0,0,0,0.7,0.7,0.1,0.8,4,7,19
380,Augustus Kargbo,SLE,FW,,Blackburn,24.0,1999.0,8,2,186,2.1,0,1,1,0,0,0,0,0,0.4,0.4,0.4,0.8,9,6,13
381,Nikola Katić,BIH,DF,,Plymouth Argyle,27.0,1996.0,15,14,1223,13.6,1,0,1,1,0,0,2,0,1.4,1.4,0.1,1.5,4,17,3
382,Edo Kayembe,COD,MF,FW,Watford,26.0,1998.0,44,37,3196,35.5,8,1,9,6,2,2,11,1,6.3,4.8,1.3,6.1,42,115,121
383,Will Keane,IRL,FW,MF,Preston,31.0,1993.0,27,13,1124,12.5,3,0,3,3,0,0,0,0,2.8,2.8,0.6,3.4,1,24,48
384,Kévin Keben Biakolo,CMR,DF,,Watford,20.0,2004.0,6,3,256,2.8,0,0,0,0,0,0,0,1,0.0,0.0,0.0,0.0,2,2,0
385,Daniel Kelly,SCO,MF,,Millwall,18.0,2005.0,2,0,20,0.2,0,0,0,0,0,0,0,0,0.0,0.0,0.0,0.0,0,0,0
386,Kaine Kesler-Hayden,ENG,DF,FW,Preston,21.0,2002.0,44,41,3670,40.8,2,3,5,2,0,0,6,0,2.8,2.8,2.8,5.6,127,135,193
387,Josh Key,ENG,DF,,Swansea City,24.0,1999.0,45,39,3469,38.5,1,3,4,1,0,0,3,0,1.3,1.3,2.8,4.2,119,193,160
388,Ben Killip,ENG,GK,,Portsmouth,28.0,1995.0,2,2,180,2.0,0,0,0,0,0,0,0,0,0.0,0.0,0.0,0.0,0,1,0
389,Peter Kioso,COD,DF,,Oxford United,25.0,1998.0,30,26,2302,25.6,0,1,1,0,0,0,6,0,0.6,0.6,0.4,0.9,21,74,38
390,Liam Kitching,ENG,DF,,Coventry City,24.0,1999.0,27,26,2284,25.4,0,1,1,0,0,0,7,0,1.5,1.5,1.3,2.8,17,90,8
391,Jason Knight,IRL,MF,,Bristol City,23.0,2001.0,46,46,4140,46.0,3,6,9,3,0,0,6,0,3.6,3.6,5.0,8.7,74,336,80
392,Olaf Kobacki,POL,FW,MF,Sheffield Weds,23.0,2001.0,12,4,369,4.1,0,0,0,0,0,0,1,0,0.8,0.8,0.2,1.0,12,10,25
393,Luca Koleosho,ITA,FW,MF,Burnley,19.0,2004.0,28,20,1677,18.6,2,0,2,2,0,0,4,0,1.9,1.9,2.4,4.3,84,66,185
394,Rayan Kolli,ALG,FW,,QPR,19.0,2005.0,20,9,822,9.1,4,2,6,4,0,0,2,0,1.6,1.6,1.2,2.9,10,10,46
395,Lewis Koumas,WAL,FW,MF,Stoke City,18.0,2005.0,43,26,2441,27.1,3,2,5,3,0,0,5,0,5.0,5.0,1.8,6.8,70,29,166
396,Ronan Kpakio,WAL,DF,,Cardiff City,17.0,2007.0,3,1,108,1.2,0,1,1,0,0,0,0,0,0.0,0.0,0.1,0.1,1,4,6
397,Tom Krauß,GER,MF,,Luton Town,23.0,2001.0,23,20,1601,17.8,2,4,6,2,0,0,1,0,0.9,0.9,2.5,3.3,17,65,49
398,Paddy Lane,NIR,MF,FW,Portsmouth,23.0,2001.0,22,13,1074,11.9,1,1,2,1,0,0,2,0,1.1,1.1,1.4,2.5,16,25,51
399,Callum Lang,ENG,MF,FW,Portsmouth,25.0,1998.0,32,28,2438,27.1,10,2,12,8,2,2,9,0,9.7,8.1,2.3,10.4,56,59,137
400,Sondre Langås,NOR,DF,,Derby County,23.0,2001.0,14,13,1118,12.4,0,0,0,0,0,0,3,0,0.5,0.5,0.0,0.5,1,31,2
401,Macaulay Langstaff,ENG,FW,,Millwall,27.0,1997.0,34,14,1388,15.4,1,2,3,1,0,0,0,0,3.9,3.9,1.6,5.5,21,15,70
402,Will Lankshear,ENG,FW,,West Brom,19.0,2005.0,11,4,350,3.9,0,0,0,0,0,0,2,0,1.4,1.4,0.0,1.4,0,2,13
403,Yasser Larouci,ALG,DF,MF,Watford,23.0,2001.0,39,26,2136,23.7,0,3,3,0,0,0,3,0,0.9,0.9,4.7,5.6,72,70,149
404,Joël Latibeaudière,JAM,DF,,Coventry City,24.0,2000.0,33,29,2574,28.6,0,0,0,0,0,0,5,0,0.9,0.9,1.4,2.3,16,81,10
405,Emmanuel Latte Lath,CIV,FW,,Middlesbrough,25.0,1999.0,29,20,1765,19.6,11,3,14,9,2,2,3,0,10.6,9.0,2.3,11.3,30,24,98
406,Josh Laurent,ENG,MF,,Stoke City,29.0,1995.0,3,3,270,3.0,0,0,0,0,0,0,3,0,0.0,0.0,0.8,0.8,4,16,4
407,Josh Laurent,ENG,MF,,Burnley,29.0,1995.0,42,25,2451,27.2,2,2,4,2,0,0,4,0,3.2,3.2,3.2,6.3,38,109,89
408,Mohammed Lawal,IRL,DF,MF,Stoke City,21.0,2003.0,7,1,206,2.3,0,0,0,0,0,0,0,0,0.1,0.1,0.2,0.3,2,4,4
409,Dylan Lawlor,WAL,DF,,Cardiff City,18.0,2006.0,1,0,58,0.6,0,0,0,0,0,0,0,0,0.0,0.0,0.0,0.0,0,0,0
410,Enzo Le Fée,FRA,FW,MF,Sunderland,24.0,2000.0,15,11,1001,11.1,1,1,2,1,0,0,2,0,0.9,0.9,2.3,3.2,47,51,106
411,Tom Leahy,ENG,FW,,Millwall,20.0,2004.0,1,0,2,0.0,0,0,0,0,0,0,0,0,0.0,0.0,0.0,0.0,0,0,0
412,Ryan Ledson,ENG,MF,,Preston,26.0,1997.0,26,14,1211,13.5,1,1,2,1,0,0,7,0,0.9,0.9,1.6,2.5,2,59,26
413,Greg Leigh,JAM,DF,,Oxford United,29.0,1994.0,34,24,2338,26.0,6,1,7,6,0,0,1,0,3.2,3.2,2.0,5.2,31,73,76
414,Harry Leonard,ENG,FW,MF,Blackburn,20.0,2003.0,9,0,149,1.7,1,0,1,1,0,0,0,0,1.6,1.6,0.3,1.9,1,2,11
415,Ryan Leonard,ENG,DF,,Millwall,32.0,1992.0,33,29,2631,29.2,0,1,1,0,0,0,8,0,0.9,0.9,2.2,3.1,32,120,68
416,Lincoln,BRA,FW,MF,Hull City,25.0,1998.0,11,4,420,4.7,0,1,1,0,0,0,0,0,0.1,0.1,0.2,0.3,0,12,26
417,Liam Lindsay,SCO,DF,,Preston,28.0,1995.0,35,29,2609,29.0,1,1,2,1,0,0,10,2,2.0,2.0,0.7,2.7,0,54,7
418,Alfie Lloyd,ENG,FW,MF,QPR,21.0,2003.0,27,4,747,8.3,2,0,2,2,0,0,4,0,1.4,1.4,0.9,2.3,21,11,51
419,Ben Lloyd,WAL,MF,FW,Swansea City,19.0,2005.0,2,0,8,0.1,0,0,0,0,0,0,0,0,0.0,0.0,0.0,0.0,1,1,2
420,George Long,ENG,GK,,Norwich City,30.0,1993.0,9,8,765,8.5,0,0,0,0,0,0,0,0,0.0,0.0,0.0,0.0,0,0,0
421,Sam Long,ENG,DF,,Oxford United,29.0,1995.0,24,18,1657,18.4,1,1,2,1,0,0,2,0,0.9,0.9,0.7,1.6,10,43,10
422,Ryan Longman,ENG,FW,MF,Hull City,23.0,2000.0,9,6,478,5.3,1,0,1,1,0,0,0,0,1.7,1.7,0.8,2.5,17,7,49
423,Imran Louza,MAR,MF,,Watford,25.0,1999.0,33,30,2677,29.7,2,5,7,2,0,0,11,0,2.0,2.0,4.2,6.2,34,175,45
424,Jamal Lowe,JAM,FW,MF,Sheffield Weds,30.0,1994.0,24,12,960,10.7,3,2,5,3,0,0,2,0,3.0,3.0,0.3,3.3,15,25,54
425,Max Lowe,ENG,DF,,Sheffield Weds,27.0,1997.0,34,31,2684,29.8,0,0,0,0,0,0,2,0,0.0,0.0,0.8,0.8,14,100,30
426,Nathan Lowe,ENG,FW,MF,Stoke City,18.0,2005.0,10,5,468,5.2,1,0,1,1,0,0,2,0,1.2,1.2,0.2,1.5,3,6,19
427,Lucas,BRA,DF,,Burnley,23.0,2001.0,34,32,2794,31.0,0,2,2,0,0,0,7,0,1.0,1.0,2.1,3.1,65,106,131
428,Nicolas Madsen,DEN,MF,FW,QPR,24.0,2000.0,31,20,1753,19.5,3,3,6,2,1,1,2,0,2.8,2.0,2.8,4.8,13,84,56
429,Lucien Mahovo,ENG,DF,,Norwich City,19.0,2005.0,8,6,524,5.8,0,0,0,0,0,0,0,0,0.5,0.5,1.2,1.7,7,22,29
430,Josh Maja,NGA,FW,,West Brom,25.0,1998.0,26,26,2056,22.8,12,2,14,12,0,0,2,0,10.0,10.0,2.6,12.7,16,45,83
431,Christ Makosso,CGO,DF,,Luton Town,20.0,2004.0,13,12,956,10.6,0,1,1,0,0,0,0,0,0.4,0.4,0.2,0.5,2,23,1
432,Million Manhoef,NED,FW,MF,Stoke City,22.0,2002.0,34,28,2422,26.9,5,5,10,5,0,0,1,0,7.8,7.8,6.4,14.2,82,78,166
433,Sivert Mannsverk,NOR,MF,,Cardiff City,22.0,2002.0,14,12,1004,11.2,0,1,1,0,0,0,4,0,0.3,0.3,1.1,1.4,11,60,13
434,Benson Manuel,ANG,MF,FW,Burnley,27.0,1997.0,3,0,46,0.5,1,0,1,1,0,0,1,0,0.1,0.1,0.0,0.1,5,4,11
435,Emiliano Marcondes,DEN,MF,FW,Norwich City,29.0,1995.0,33,25,2280,25.3,5,6,11,5,0,0,5,0,5.6,5.6,3.3,8.9,29,114,115
436,Ephron Mason-Clark,ENG,FW,MF,Coventry City,24.0,1999.0,30,17,1630,18.1,5,5,10,5,0,0,2,0,6.5,6.5,5.4,11.8,77,29,158
437,Han-Noah Massengo,FRA,MF,,Burnley,23.0,2001.0,8,1,97,1.1,0,1,1,0,0,0,1,0,0.2,0.2,0.1,0.3,0,2,2
438,Zavier Massiah,ENG,FW,,Watford,17.0,2007.0,4,0,58,0.6,0,0,0,0,0,0,0,0,0.0,0.0,0.0,0.0,0,0,3
439,Eliot Matazo,BEL,MF,,Hull City,22.0,2002.0,6,4,300,3.3,1,0,1,1,0,0,1,0,0.2,0.2,0.5,0.7,8,16,6
440,Alex Matos,ENG,MF,,Oxford United,19.0,2004.0,20,10,933,10.4,0,0,0,0,0,0,5,0,0.1,0.1,0.2,0.4,12,18,22
441,Hayden Matthews,AUS,DF,,Portsmouth,20.0,2004.0,6,3,318,3.5,0,0,0,0,0,0,0,0,0.0,0.0,0.0,0.0,3,14,1
442,Eliezer Mayenda,ESP,FW,MF,Sunderland,19.0,2005.0,37,22,2155,23.9,8,5,13,8,0,0,2,0,10.1,10.1,4.0,14.1,82,32,158
443,Fally Mayulu,FRA,FW,,Bristol City,22.0,2002.0,15,3,402,4.5,2,0,2,2,0,0,0,0,1.9,1.9,0.0,1.9,5,5,25
444,Sam McCallum,ENG,DF,MF,Sheffield Utd,23.0,2000.0,33,9,1057,11.7,2,0,2,2,0,0,1,0,1.5,1.5,0.6,2.1,12,38,54
445,Alistair McCann,NIR,MF,,Preston,24.0,1999.0,29,28,2418,26.9,1,0,1,1,0,0,9,0,2.0,2.0,0.5,2.5,12,78,40
446,Ruairi Mcconville,NIR,DF,,Norwich City,19.0,2005.0,8,3,205,2.3,0,0,0,0,0,0,0,0,0.2,0.2,0.0,0.2,4,9,2
447,George McCormick,ENG,FW,,Middlesbrough,19.0,2005.0,1,0,1,0.0,0,0,0,0,0,0,0,0,0.0,0.0,0.0,0.0,0,0,0
448,Ross McCrorie,SCO,DF,MF,Bristol City,26.0,1998.0,23,18,1475,16.4,5,0,5,5,0,0,10,1,2.6,2.6,1.5,4.1,23,26,106
449,Josh McEachran,ENG,MF,,Oxford United,31.0,1993.0,12,6,508,5.6,0,1,1,0,0,0,1,0,0.1,0.1,1.0,1.1,2,8,1
450,Kyle McFadzean,SCO,FW,,Blackburn,37.0,1987.0,1,0,1,0.0,0,0,0,0,0,0,0,0,0.0,0.0,0.0,0.0,0,0,0
451,Riley McGree,AUS,FW,,Middlesbrough,25.0,1998.0,17,11,943,10.5,1,5,6,1,0,0,2,0,2.6,2.6,3.1,5.7,18,61,73
452,Marcus McGuane,ENG,MF,,Bristol City,25.0,1999.0,21,11,1063,11.8,0,0,0,0,0,0,1,0,0.2,0.2,0.0,0.3,21,41,15
453,Mark McGuinness,IRL,DF,,Luton Town,23.0,2001.0,43,41,3753,41.7,3,3,6,3,0,0,4,0,3.6,3.6,1.5,5.1,1,83,11
454,Tom McIntyre,SCO,DF,,Portsmouth,25.0,1998.0,12,11,1019,11.3,0,0,0,0,0,0,3,0,0.4,0.4,0.2,0.6,6,22,3
455,Kenny McLean,SCO,MF,DF,Norwich City,32.0,1992.0,34,33,2994,33.3,0,4,4,0,0,0,6,1,0.6,0.6,3.6,4.2,51,190,38
456,Sean McLoughlin,IRL,DF,,Hull City,27.0,1996.0,37,37,3213,35.7,0,1,1,0,0,0,6,0,1.6,1.6,0.9,2.5,32,158,42
457,Paddy McNair,NIR,DF,,West Brom,29.0,1995.0,2,2,93,1.0,0,0,0,0,0,0,0,0,0.0,0.0,0.0,0.0,0,1,0
458,Luke McNally,IRL,DF,,Bristol City,24.0,1999.0,26,26,2322,25.8,3,1,4,3,0,0,5,0,2.5,2.5,0.8,3.3,16,70,6
459,Luke McNally,IRL,DF,MF,Burnley,24.0,1999.0,2,0,4,0.0,0,0,0,0,0,0,0,0,0.0,0.0,0.0,0.0,0,0,0
460,Dan McNamara,IRL,DF,,Millwall,25.0,1998.0,13,7,683,7.6,0,0,0,0,0,0,1,0,0.0,0.0,0.3,0.3,4,34,6
461,Charlie McNeill,ENG,MF,FW,Sheffield Weds,20.0,2003.0,4,0,57,0.6,0,0,0,0,0,0,0,0,0.0,0.0,0.0,0.0,0,2,5
462,Jayden Meghoma,ENG,DF,FW,Preston,18.0,2006.0,12,11,768,8.5,0,1,1,0,0,0,1,0,0.0,0.0,0.8,0.9,10,14,26
463,Marvin Mehlem,GER,MF,,Hull City,26.0,1997.0,16,9,902,10.0,0,3,3,0,0,0,2,0,1.5,1.5,1.2,2.8,6,17,41
464,Anis Mehmeti,ALB,FW,MF,Bristol City,23.0,2001.0,42,29,2558,28.4,12,1,13,10,2,2,3,0,10.4,8.8,3.8,12.6,100,76,207
465,Yakou Méïte,CIV,FW,,Cardiff City,28.0,1996.0,34,11,1201,13.3,3,0,3,3,0,0,1,0,3.8,3.8,0.5,4.3,21,13,73
466,Hannibal Mejbri,TUN,MF,FW,Burnley,21.0,2003.0,37,23,1924,21.4,1,4,5,1,0,0,8,1,2.6,2.6,3.2,5.8,46,95,121
467,Nathaniel Mendez-Laing,GUA,FW,MF,Derby County,32.0,1992.0,41,26,2098,23.3,3,4,7,2,1,1,4,0,3.3,2.5,3.7,6.2,73,77,153
468,Teden Mengi,ENG,DF,,Luton Town,22.0,2002.0,20,17,1569,17.4,1,1,2,1,0,0,3,0,0.9,0.9,0.4,1.3,10,58,3
469,Chris Mepham,WAL,DF,,Sunderland,26.0,1997.0,38,37,3273,36.4,1,0,1,1,0,0,10,1,1.8,1.8,0.6,2.4,41,145,5
470,Illan Meslier,FRA,GK,,Leeds United,24.0,2000.0,39,39,3510,39.0,0,0,0,0,0,0,0,0,0.0,0.0,0.1,0.1,0,0,0
471,Liam Millar,CAN,MF,FW,Hull City,24.0,1999.0,11,6,619,6.9,1,2,3,1,0,0,3,0,0.7,0.7,1.0,1.6,52,28,61
472,Stanley Mills,ENG,FW,MF,Oxford United,20.0,2003.0,11,3,355,3.9,1,0,1,1,0,0,2,0,1.0,1.0,0.7,1.6,8,14,23
473,Yang Minhyeok,KOR,FW,MF,QPR,18.0,2006.0,14,8,692,7.7,2,1,3,2,0,0,1,0,1.7,1.7,0.8,2.5,19,11,54
474,Billy Mitchell,ENG,MF,,Millwall,24.0,2000.0,19,9,891,9.9,0,0,0,0,0,0,1,0,0.1,0.1,0.2,0.4,10,45,7
475,Idris El Mizouni,TUN,MF,,Oxford United,23.0,2000.0,28,12,1244,13.8,1,2,3,1,0,0,2,0,1.8,1.8,1.2,3.0,28,48,41
476,Ryan Mmaee,MAR,FW,,Stoke City,26.0,1997.0,3,1,111,1.2,0,0,0,0,0,0,0,0,0.1,0.1,0.0,0.1,0,0,0
477,Jayson Molumby,IRL,MF,,West Brom,24.0,1999.0,37,30,2702,30.0,4,1,5,4,0,0,11,1,3.5,3.5,1.0,4.6,57,164,69
478,Kristi Montgomery,SCO,DF,,Blackburn,20.0,2004.0,3,1,137,1.5,0,0,0,0,0,0,2,1,0.0,0.0,0.0,0.0,2,3,3
479,Elliott Moore,ENG,DF,,Oxford United,27.0,1997.0,26,24,2057,22.9,1,2,3,1,0,0,7,0,0.4,0.4,0.7,1.2,0,18,2
480,Kieffer Moore,WAL,FW,,Sheffield Utd,31.0,1992.0,27,18,1767,19.6,5,0,5,4,1,3,1,0,9.2,6.8,1.4,8.2,19,27,78
481,Simon Moore,ENG,GK,,Sunderland,34.0,1990.0,4,4,360,4.0,0,0,0,0,0,0,1,0,0.0,0.0,0.0,0.0,0,0,0
482,Andrew Moran,IRL,MF,FW,Stoke City,20.0,2003.0,35,26,2357,26.2,4,3,7,4,0,0,9,0,2.3,2.3,3.3,5.7,49,110,89
483,Kieran Morgan,ENG,MF,,QPR,18.0,2006.0,30,19,1586,17.6,1,2,3,1,0,0,5,0,0.9,0.9,1.5,2.4,12,66,41
484,Aidan Morris,USA,MF,,Middlesbrough,22.0,2001.0,35,33,2915,32.4,0,2,2,0,0,0,4,0,1.8,1.8,1.5,3.3,28,184,50
485,Carlton Morris,ENG,FW,,Luton Town,28.0,1995.0,41,37,3123,34.7,8,2,10,6,2,2,10,0,8.2,6.6,3.6,10.2,36,78,173
486,James Morris,ENG,DF,,Watford,22.0,2001.0,18,13,1086,12.1,0,0,0,0,0,0,3,0,0.0,0.0,0.1,0.1,2,49,5
487,Elijah Morrison,ENG,DF,,Bristol City,18.0,2006.0,3,0,39,0.4,0,0,0,0,0,0,1,0,0.0,0.0,0.0,0.0,3,0,3
488,Liam Morrison,SCO,DF,,QPR,21.0,2003.0,19,14,1302,14.5,0,0,0,0,0,0,3,0,1.0,1.0,0.0,1.0,2,24,0
489,Victor Moses,NGA,DF,MF,Luton Town,33.0,1990.0,18,12,1135,12.6,1,0,1,1,0,0,0,0,0.7,0.7,0.8,1.5,30,36,43
490,Alex Mowatt,ENG,MF,,West Brom,29.0,1995.0,43,39,3351,37.2,7,2,9,7,0,0,5,0,2.6,2.6,4.3,6.9,46,251,50
491,Owen Moxon,ENG,MF,,Portsmouth,26.0,1998.0,12,2,275,3.1,0,0,0,0,0,0,3,0,0.1,0.1,0.1,0.2,0,14,5
492,Bali Mumba,ENG,DF,MF,Plymouth Argyle,22.0,2001.0,43,37,3396,37.7,0,2,2,0,0,0,3,0,0.8,0.8,2.0,2.7,66,121,102
493,Romaine Mundle,ENG,FW,MF,Sunderland,21.0,2003.0,22,17,1433,15.9,5,2,7,5,0,0,1,0,2.2,2.2,1.4,3.7,100,44,179
494,Josh Murphy,ENG,FW,,Portsmouth,29.0,1995.0,42,40,3426,38.1,7,14,21,7,0,0,6,0,5.0,5.0,11.1,16.1,163,81,243
495,Anthony Musaba,NED,FW,MF,Sheffield Weds,23.0,2000.0,29,12,1328,14.8,3,6,9,3,0,0,0,0,4.5,4.5,2.6,7.1,67,26,111
496,Elliot Myles,WAL,MF,,Norwich City,17.0,2007.0,3,0,45,0.5,0,0,0,0,0,0,0,0,0.0,0.0,0.0,0.0,1,1,3
497,Amin Nabizada,ENG,MF,,Watford,17.0,2007.0,1,0,19,0.2,0,0,0,0,0,0,0,0,0.0,0.0,0.0,0.0,0,1,1
498,Kal Naismith,SCO,DF,,Bristol City,32.0,1992.0,6,2,286,3.2,0,0,0,0,0,0,0,0,0.0,0.0,0.0,0.0,2,11,0
499,Kal Naismith,SCO,DF,MF,Luton Town,32.0,1992.0,10,5,463,5.1,0,0,0,0,0,0,2,1,0.1,0.1,0.1,0.1,1,16,2
500,Marvelous Nakamba,ZIM,MF,,Luton Town,30.0,1994.0,21,15,1295,14.4,0,0,0,0,0,0,2,0,0.1,0.1,0.0,0.1,8,37,7
501,Paul Nardi,FRA,GK,,QPR,30.0,1994.0,45,45,4050,45.0,0,0,0,0,0,0,2,0,0.3,0.3,0.2,0.4,0,2,0
502,Kyle Naughton,ENG,DF,,Swansea City,35.0,1988.0,23,9,826,9.2,0,0,0,0,0,0,1,0,0.0,0.0,0.6,0.6,12,43,14
503,Camiel Neghli,NED,FW,MF,Millwall,22.0,2001.0,4,2,193,2.1,1,0,1,1,0,0,0,0,0.8,0.8,0.1,0.9,5,7,11
504,Dan Neil,ENG,MF,,Sunderland,22.0,2001.0,44,44,3877,43.1,2,3,5,2,0,0,4,1,0.8,0.8,2.6,3.5,49,252,52
505,Benjamin Nelson,ENG,DF,,Oxford United,20.0,2004.0,17,16,1372,15.2,1,0,1,1,0,0,1,0,0.4,0.4,0.1,0.5,2,20,1
506,Curtis Nelson,ENG,DF,,Derby County,31.0,1993.0,27,27,2430,27.0,2,1,3,2,0,0,3,0,1.0,1.0,1.0,2.0,0,43,0
507,Zack Nelson,ENG,MF,FW,Luton Town,19.0,2004.0,21,7,799,8.9,0,1,1,0,0,0,4,0,0.6,0.6,1.3,2.0,9,25,37
508,Perry Ng,ENG,DF,,Cardiff City,28.0,1996.0,35,31,2793,31.0,1,1,2,1,0,0,9,0,1.6,1.6,1.8,3.4,20,143,90
509,Jeremy Ngakia,,DF,,Watford,23.0,2000.0,29,23,1883,20.9,1,0,1,1,0,0,5,0,1.4,1.4,0.9,2.3,44,70,90
510,Kevin Nisbet,SCO,FW,,Millwall,27.0,1997.0,1,0,7,0.1,0,0,0,0,0,0,0,0,0.0,0.0,0.0,0.0,0,0,2
511,Lasse Nordås,NOR,FW,MF,Luton Town,22.0,2002.0,10,2,255,2.8,0,1,1,0,0,0,0,0,0.7,0.7,0.4,1.1,3,5,19
512,Casper de Norre,BEL,MF,,Millwall,27.0,1997.0,46,44,3606,40.1,3,4,7,3,0,0,5,0,2.2,2.2,2.7,4.9,23,187,45
513,Rhys Norrington-Davies,WAL,DF,,Sheffield Utd,25.0,1999.0,14,2,251,2.8,0,0,0,0,0,0,1,0,0.0,0.0,0.1,0.1,7,6,7
514,Will Norris,ENG,GK,,Portsmouth,30.0,1993.0,8,8,720,8.0,0,0,0,0,0,0,2,0,0.0,0.0,0.0,0.0,0,0,0
515,Marcelino Núñez,CHI,MF,,Norwich City,24.0,2000.0,32,27,2245,24.9,6,4,10,6,0,0,5,0,4.4,4.4,4.8,9.2,32,147,57
516,Tanatswa Nyakuhwa,WAL,DF,,Cardiff City,18.0,2005.0,1,0,22,0.2,0,0,0,0,0,0,0,0,0.0,0.0,0.0,0.0,1,0,3
517,Ryan Nyambe,NAM,DF,,Derby County,26.0,1997.0,17,14,1125,12.5,0,0,0,0,0,0,2,0,0.0,0.0,0.1,0.1,19,28,18
518,Lewis O'Brien,ENG,MF,,Swansea City,25.0,1998.0,16,16,1419,15.8,1,0,1,1,0,0,2,0,1.3,1.3,1.1,2.3,29,58,45
519,Gatlin O'Donkor,ENG,FW,,Oxford United,19.0,2004.0,1,0,1,0.0,0,0,0,0,0,0,0,0,0.0,0.0,0.0,0.0,0,0,0
520,Callum O'Dowda,IRL,DF,FW,Cardiff City,29.0,1995.0,42,41,3546,39.4,2,3,5,2,0,0,7,0,1.2,1.2,4.2,5.4,111,103,156
521,Callum O'Hare,ENG,MF,FW,Sheffield Utd,26.0,1998.0,44,38,3139,34.9,2,6,8,2,0,0,2,0,4.7,4.7,5.5,10.2,55,127,233
522,Max O'Leary,IRL,GK,,Bristol City,27.0,1996.0,46,46,4140,46.0,0,0,0,0,0,0,3,0,0.0,0.0,0.0,0.0,0,0,0
523,Mark O'Mahony,IRL,FW,,Portsmouth,19.0,2005.0,13,5,595,6.6,3,0,3,3,0,0,1,0,1.9,1.9,0.2,2.1,2,5,20
524,Luke O'Nien,ENG,DF,,Sunderland,29.0,1994.0,45,44,3934,43.7,3,1,4,3,0,1,9,0,3.3,2.6,1.0,3.5,45,229,26
525,Dara O'Shea,IRL,DF,,Burnley,25.0,1999.0,2,2,180,2.0,1,0,1,1,0,0,0,0,0.1,0.1,0.0,0.2,0,1,0
526,Michael Obafemi,IRL,FW,MF,Plymouth Argyle,24.0,2000.0,29,14,1196,13.3,2,0,2,2,0,0,0,0,2.0,2.0,1.1,3.0,14,13,68
527,Wilson Odobert,FRA,MF,,Burnley,19.0,2004.0,1,1,89,1.0,1,0,1,1,0,0,0,0,0.6,0.6,0.2,0.8,3,3,7
528,Chiedozie Ogbene,IRL,DF,MF,Luton Town,27.0,1997.0,3,3,246,2.7,0,0,0,0,0,0,0,0,0.0,0.0,0.2,0.2,11,6,18
529,Nathanael Ogbeta,ENG,DF,,Plymouth Argyle,23.0,2001.0,17,9,626,7.0,1,1,2,1,0,0,1,0,0.4,0.4,0.6,1.0,11,12,17
530,Angelo Ogbonna,ITA,DF,,Watford,36.0,1988.0,6,5,398,4.4,0,0,0,0,0,0,0,0,0.0,0.0,0.0,0.0,0,4,0
531,Connor Ogilvie,ENG,DF,,Portsmouth,28.0,1996.0,45,45,4028,44.8,4,1,5,4,0,0,5,0,4.4,4.4,1.8,6.3,29,147,63
532,Yuki Ohashi,JPN,FW,MF,Blackburn,28.0,1996.0,36,26,2221,24.7,9,3,12,9,0,0,3,0,7.2,7.2,1.0,8.2,36,48,135
533,Jeppe Okkels,DEN,FW,MF,Preston,25.0,1999.0,7,1,125,1.4,0,0,0,0,0,0,0,0,0.0,0.0,0.0,0.0,4,5,10
534,Abdülkadir Ömür,TUR,MF,FW,Hull City,25.0,1999.0,20,12,1064,11.8,0,0,0,0,0,0,1,0,0.8,0.8,0.8,1.6,24,35,65
535,Ryan One,SCO,FW,,Sheffield Utd,18.0,2006.0,12,2,292,3.2,1,0,1,1,0,0,2,0,1.0,1.0,0.2,1.2,5,3,18
536,Ben Osborn,ENG,MF,DF,Derby County,29.0,1994.0,25,18,1702,18.9,0,1,1,0,0,0,2,0,0.3,0.3,1.7,2.1,14,66,38
537,Milutin Osmajić,MNE,FW,,Preston,25.0,1999.0,34,20,1918,21.3,9,3,12,9,0,0,4,0,8.4,8.4,1.0,9.4,25,16,89
538,Gabriel Otegbayo,,DF,,Sheffield Weds,,,11,4,480,5.3,1,0,1,1,0,0,0,0,0.7,0.7,0.0,0.7,1,4,1
539,David Ozoh,ENG,MF,,Derby County,19.0,2005.0,10,9,699,7.8,1,0,1,1,0,0,0,0,0.3,0.3,0.0,0.3,8,22,5
540,Kenneth Paal,SUR,DF,,QPR,27.0,1997.0,39,34,2879,32.0,1,3,4,1,0,0,4,0,1.4,1.4,3.1,4.5,21,96,56
541,Marlon Pack,ENG,DF,MF,Portsmouth,33.0,1991.0,41,30,2712,30.1,0,2,2,0,0,0,8,1,0.9,0.9,1.3,2.3,11,125,15
542,Alex Palmer,ENG,GK,,West Brom,27.0,1996.0,30,30,2700,30.0,0,0,0,0,0,0,2,0,0.0,0.0,0.0,0.0,0,0,0
543,Kasey Palmer,JAM,MF,FW,Hull City,27.0,1996.0,26,11,1086,12.1,1,2,3,1,0,1,2,0,2.5,1.5,3.0,4.5,17,54,51
544,Kasey Palmer,JAM,MF,FW,Coventry City,27.0,1996.0,3,0,54,0.6,1,0,1,1,0,0,1,0,0.2,0.2,0.0,0.2,2,4,1
545,Liam Palmer,SCO,DF,MF,Sheffield Weds,32.0,1991.0,23,7,876,9.7,0,0,0,0,0,0,3,0,0.6,0.6,0.2,0.8,8,40,16
546,Victor Pálsson,ISL,DF,,Plymouth Argyle,33.0,1991.0,25,19,1736,19.3,0,1,1,0,0,0,3,0,0.2,0.2,1.5,1.8,7,32,8
547,Ivor Pandur,CRO,GK,,Hull City,24.0,2000.0,44,44,3960,44.0,0,0,0,0,0,0,3,0,0.0,0.0,0.0,0.0,0,1,0
548,Samuel Parker,WAL,FW,DF,Swansea City,18.0,2006.0,7,0,86,1.0,0,0,0,0,0,0,0,0,0.1,0.1,0.0,0.1,1,1,13
549,Callum Paterson,SCO,FW,MF,Sheffield Weds,29.0,1994.0,27,14,1187,13.2,6,2,8,6,0,0,2,0,4.4,4.4,2.3,6.7,8,13,55
550,Jamie Paterson,ENG,FW,MF,Coventry City,32.0,1991.0,8,0,79,0.9,1,0,1,1,0,0,1,0,0.1,0.1,0.3,0.4,3,3,6
551,Anthony Patterson,ENG,GK,,Sunderland,24.0,2000.0,42,42,3780,42.0,0,0,0,0,0,0,3,0,0.0,0.0,0.0,0.0,0,0,0
552,Aynsley Pears,ENG,GK,,Blackburn,26.0,1998.0,40,40,3600,40.0,0,0,0,0,0,0,3,0,0.0,0.0,0.0,0.0,0,0,0
553,Ben Pearson,ENG,MF,,Stoke City,29.0,1995.0,13,8,570,6.3,0,0,0,0,0,0,5,0,0.0,0.0,0.3,0.3,3,29,0
554,Myles Peart-Harris,ENG,FW,MF,Swansea City,21.0,2002.0,29,18,1665,18.5,3,4,7,3,0,0,6,0,3.0,3.0,2.4,5.4,47,42,135
555,Sydie Peck,ENG,MF,,Sheffield Utd,19.0,2004.0,42,32,2927,32.5,0,2,2,0,0,0,6,0,2.1,2.1,2.6,4.7,33,187,60
556,João Pedro,ITA,FW,,Hull City,32.0,1992.0,35,25,2145,23.8,6,2,8,6,0,0,4,1,5.0,5.0,2.9,7.9,14,14,53
557,Ashley Phillips,WAL,DF,,Stoke City,19.0,2005.0,35,35,3077,34.2,0,0,0,0,0,0,6,0,1.0,1.0,0.6,1.6,7,40,5
558,Joshua Phillips,ENG,DF,,Luton Town,18.0,2005.0,1,0,3,0.0,0,0,0,0,0,0,0,0,0.0,0.0,0.0,0.0,0,0,0
559,Matt Phillips,SCO,MF,FW,Oxford United,33.0,1991.0,28,10,955,10.6,0,2,2,0,0,0,2,0,1.0,1.0,1.3,2.3,25,16,46
560,Nathaniel Phillips,ENG,DF,,Derby County,27.0,1997.0,32,24,2236,24.8,1,3,4,1,0,0,5,0,1.9,1.9,1.0,2.9,3,48,9
561,Harry Pickering,ENG,DF,,Blackburn,25.0,1998.0,15,12,1039,11.5,0,1,1,0,0,0,2,0,0.3,0.3,1.2,1.5,8,40,20
562,Erik Pieters,NED,DF,,Derby County,35.0,1988.0,1,0,1,0.0,0,0,0,0,0,0,0,0,0.0,0.0,0.0,0.0,0,0,0
563,Joël Piroe,NED,FW,,Leeds United,24.0,1999.0,46,36,3080,34.2,19,7,26,18,1,1,2,0,16.9,16.1,4.5,20.6,30,89,166
564,Julio Pleguezuelo,ESP,DF,,Plymouth Argyle,27.0,1997.0,24,23,1964,21.8,1,0,1,1,0,0,8,0,0.5,0.5,0.6,1.2,3,44,0
565,Matthew Pollock,ENG,DF,,Watford,22.0,2001.0,45,42,3815,42.4,2,4,6,2,0,0,7,0,2.8,2.8,1.5,4.3,25,160,17
566,Regan Poole,WAL,DF,,Portsmouth,26.0,1998.0,27,23,2144,23.8,1,0,1,1,0,0,5,0,1.0,1.0,0.0,1.1,3,46,6
567,Ryan Porteous,SCO,DF,,Preston,25.0,1999.0,11,9,823,9.1,1,0,1,1,0,0,2,0,1.3,1.3,0.6,1.9,3,22,6
568,Ryan Porteous,SCO,DF,,Watford,25.0,1999.0,22,18,1662,18.5,2,0,2,2,0,0,7,0,1.5,1.5,0.2,1.7,10,52,10
569,Brad Potts,ENG,DF,MF,Preston,30.0,1994.0,29,22,2056,22.8,4,2,6,4,0,0,4,0,3.1,3.1,3.1,6.2,42,74,133
570,Freddie Potts,ENG,MF,,Portsmouth,20.0,2003.0,37,35,3057,34.0,1,4,5,1,0,0,7,0,1.4,1.4,3.4,4.8,21,142,35
571,Ian Poveda,ENG,FW,MF,Sunderland,24.0,2000.0,6,0,86,1.0,0,0,0,0,0,0,2,0,0.1,0.1,0.2,0.2,5,4,15
572,Isaac Price,NIR,MF,FW,West Brom,20.0,2003.0,15,13,1049,11.7,1,1,2,1,0,0,2,0,1.2,1.2,2.1,3.3,16,28,63
573,Cameron Pring,ENG,DF,MF,Bristol City,26.0,1998.0,32,27,2228,24.8,0,3,3,0,0,0,8,0,0.4,0.4,2.5,2.9,64,89,124
574,Tymoteusz Puchacz,POL,DF,,Plymouth Argyle,25.0,1999.0,15,12,1123,12.5,0,1,1,0,0,0,1,0,0.1,0.1,1.7,1.8,34,27,36
575,Gustavo Puerta,COL,MF,,Hull City,21.0,2003.0,30,22,1889,21.0,1,0,1,1,0,0,3,1,2.2,2.2,2.7,4.9,34,81,61
576,Przemysław Płacheta,POL,FW,MF,Oxford United,26.0,1998.0,32,27,2073,23.0,3,3,6,3,0,0,4,0,3.7,3.7,2.9,6.6,57,37,150
577,Uroš Račić,SRB,MF,,West Brom,26.0,1998.0,21,9,916,10.2,0,2,2,0,0,0,2,0,1.6,1.6,1.2,2.8,7,38,27
578,Mileta Rajovic,DEN,FW,,Watford,25.0,1999.0,3,0,46,0.5,1,0,1,1,0,0,2,0,0.8,0.8,0.0,0.8,0,0,2
579,Jesurun Rak Sakyi,ENG,FW,MF,Sheffield Utd,21.0,2002.0,34,22,1725,19.2,7,2,9,7,0,0,1,0,6.1,6.1,2.8,8.9,73,40,155
580,Joe Ralls,ENG,MF,,Cardiff City,30.0,1993.0,21,15,1148,12.8,0,1,1,0,0,0,6,0,0.5,0.5,1.5,2.0,8,76,17
581,Largie Ramazani,BEL,FW,,Leeds United,23.0,2001.0,29,7,797,8.9,6,2,8,6,0,0,2,0,4.7,4.7,1.4,6.2,41,38,81
582,Aaron Ramsey,WAL,MF,,Cardiff City,33.0,1990.0,8,6,557,6.2,0,0,0,0,0,0,1,0,0.8,0.8,0.2,1.1,9,36,25
583,Aaron Ramsey,ENG,MF,,Burnley,21.0,2003.0,1,0,7,0.1,0,0,0,0,0,0,0,0,0.0,0.0,0.0,0.0,0,0,1
584,Adam Randell,ENG,MF,,Plymouth Argyle,23.0,2000.0,39,39,3378,37.5,1,3,4,1,0,0,7,0,1.4,1.4,3.4,4.8,26,162,35
585,Joe Rankin-Costello,ENG,DF,FW,Blackburn,25.0,1999.0,29,13,1249,13.9,2,2,4,2,0,0,4,0,1.8,1.8,1.3,3.2,14,35,59
586,Nathan Redmond,ENG,FW,,Burnley,30.0,1994.0,2,0,14,0.2,0,1,1,0,0,0,0,0,0.0,0.0,0.2,0.2,1,2,3
587,Michael Reindorf,ENG,FW,,Cardiff City,19.0,2005.0,2,0,52,0.6,0,0,0,0,0,0,0,0,0.0,0.0,0.1,0.1,2,0,4
588,Vicente Reyes,CHI,GK,,Norwich City,20.0,2003.0,4,3,271,3.0,0,0,0,0,0,0,0,0,0.0,0.0,0.0,0.0,0,0,0
589,Yuri Ribeiro,POR,DF,,Blackburn,27.0,1997.0,15,15,1350,15.0,0,1,1,0,0,0,0,0,0.6,0.6,0.8,1.4,21,56,53
590,Chris Rigg,ENG,MF,FW,Sunderland,17.0,2007.0,42,36,3055,33.9,4,1,5,4,0,0,8,0,6.0,6.0,3.0,9.0,48,127,178
591,Emil Riis Jakobsen,DEN,FW,,Preston,26.0,1998.0,45,29,2716,30.2,12,2,14,12,0,0,2,0,10.6,10.6,2.5,13.0,40,23,172
592,Andy Rinomhota,ZIM,DF,MF,Cardiff City,27.0,1997.0,30,24,2106,23.4,0,1,1,0,0,0,6,0,0.6,0.6,0.6,1.2,28,95,58
593,Matt Ritchie,SCO,FW,,Portsmouth,34.0,1989.0,39,28,2190,24.3,5,1,6,5,0,0,7,0,4.6,4.6,3.4,8.1,22,68,131
594,Caleb Roberts,ENG,MF,,Plymouth Argyle,19.0,2004.0,5,2,192,2.1,0,0,0,0,0,0,1,0,0.3,0.3,0.0,0.3,1,3,4
595,Connor Roberts,WAL,DF,,Burnley,28.0,1995.0,41,40,3636,40.4,2,3,5,2,0,0,4,0,2.5,2.5,2.4,4.9,49,238,98
596,Haydon Roberts,ENG,DF,MF,Bristol City,22.0,2002.0,30,15,1635,18.2,1,1,2,1,0,0,5,0,0.3,0.3,1.7,2.0,24,66,81
597,Liam Roberts,ENG,GK,,Millwall,29.0,1994.0,2,1,91,1.0,0,0,0,0,0,0,0,0,0.0,0.0,0.0,0.0,0,0,0
598,Patrick Roberts,ENG,FW,MF,Sunderland,27.0,1997.0,45,38,3280,36.4,2,7,9,1,1,2,8,0,5.7,4.1,5.4,9.5,125,178,272
599,Alexander Robertson,AUS,MF,,Cardiff City,21.0,2003.0,35,29,2409,26.8,3,3,6,3,0,0,7,0,1.3,1.3,2.9,4.3,17,116,59
600,Callum Robinson,IRL,FW,MF,Cardiff City,29.0,1995.0,34,24,2023,22.5,12,1,13,12,0,0,1,1,7.2,7.2,2.3,9.5,37,53,118
601,Jack Robinson,ENG,DF,,Sheffield Utd,30.0,1993.0,34,31,2841,31.6,0,0,0,0,0,0,9,0,0.9,0.9,0.5,1.4,14,88,11
602,Joe Rodon,WAL,DF,,Leeds United,26.0,1997.0,46,46,4135,45.9,1,0,1,1,0,0,5,0,1.2,1.2,1.1,2.4,56,291,5
603,Ruben Rodrigues,POR,MF,FW,Oxford United,27.0,1996.0,39,28,2251,25.0,4,3,7,4,0,0,3,0,5.0,5.0,4.5,9.5,31,74,75
604,Jay Rodriguez,ENG,FW,,Burnley,35.0,1989.0,20,8,747,8.3,2,0,2,1,1,1,1,0,2.5,1.7,0.3,2.1,2,11,24
605,Ole Romeny,IDN,FW,MF,Oxford United,24.0,2000.0,14,7,591,6.6,1,0,1,1,0,0,2,0,1.4,1.4,0.7,2.1,10,9,20
606,Ronald,BRA,FW,MF,Swansea City,23.0,2001.0,46,43,3761,41.8,2,7,9,2,0,0,3,0,3.8,3.8,6.8,10.6,166,89,393
607,Kemar Roofe,JAM,FW,MF,Derby County,31.0,1993.0,3,0,12,0.1,0,0,0,0,0,0,0,0,0.0,0.0,0.0,0.0,0,0,0
608,Michael Rose,SCO,DF,,Stoke City,28.0,1995.0,22,13,1296,14.4,0,0,0,0,0,0,3,0,0.4,0.4,0.0,0.5,1,9,0
609,Joe Rothwell,ENG,MF,,Leeds United,29.0,1995.0,36,24,2249,25.0,0,4,4,0,0,0,2,0,0.6,0.6,4.6,5.3,41,166,30
610,Pelly Ruddock Mpanzu,COD,MF,,Luton Town,31.0,1993.0,10,1,228,2.5,0,1,1,0,0,0,1,0,0.0,0.0,0.3,0.4,4,9,6
611,Jack Rudoni,ENG,MF,,Coventry City,24.0,2000.0,43,40,3502,38.9,9,12,21,9,0,0,3,0,7.6,7.6,9.0,16.5,117,194,260
612,Carl Rushworth,ENG,GK,,Hull City,23.0,2001.0,2,2,180,2.0,0,0,0,0,0,0,0,0,0.0,0.0,0.0,0.0,0,0,0
613,Nazariy Rusyn,UKR,FW,,Sunderland,25.0,1998.0,8,0,72,0.8,0,0,0,0,0,0,1,0,0.0,0.0,0.0,0.0,2,1,4
614,Georginio Rutter,FRA,MF,FW,Leeds United,22.0,2002.0,1,1,90,1.0,0,1,1,0,0,0,0,0,0.1,0.1,0.3,0.4,6,6,5
615,Sai Sachdev,ENG,DF,,Sheffield Utd,19.0,2005.0,1,0,1,0.0,0,0,0,0,0,0,0,0,0.0,0.0,0.0,0.0,0,0,0
616,Borja Sainz,ESP,FW,,Norwich City,23.0,2001.0,41,41,3607,40.1,18,4,22,18,0,0,8,0,14.9,14.9,5.0,19.9,120,111,287
617,Koki Saito,JPN,FW,MF,QPR,22.0,2001.0,39,25,2295,25.5,3,2,5,3,0,0,0,1,3.3,3.3,4.1,7.5,76,56,123
618,Tatsuhiro Sakamoto,JPN,FW,MF,Coventry City,27.0,1996.0,42,30,2587,28.7,4,6,10,4,0,0,4,0,3.1,3.1,4.2,7.3,71,84,204
619,Yousef Salech,DEN,FW,,Cardiff City,22.0,2002.0,20,14,1276,14.2,8,1,9,7,1,1,2,0,6.8,6.0,0.4,6.4,9,18,56
620,Lars-Jørgen Salvesen,NOR,FW,,Derby County,28.0,1996.0,8,6,488,5.4,1,0,1,1,0,0,0,0,1.4,1.4,0.2,1.6,2,4,15
621,Shurandy Sambo,CUW,MF,,Burnley,22.0,2001.0,1,0,19,0.2,0,0,0,0,0,0,0,0,0.0,0.0,0.0,0.0,2,0,5
622,Dion Sanderson,ENG,DF,,Blackburn,24.0,1999.0,12,4,567,6.3,0,0,0,0,0,0,1,0,0.0,0.0,0.0,0.0,2,14,3
623,Hevertton Santos,BRA,DF,,QPR,23.0,2001.0,6,4,319,3.5,0,0,0,0,0,0,1,0,0.1,0.1,0.0,0.1,3,23,13
624,Josh Sargent,USA,FW,,Norwich City,24.0,2000.0,32,28,2500,27.8,15,5,20,14,1,2,3,0,13.4,11.8,4.4,16.2,32,47,120
625,Jeremy Sarmiento,ECU,FW,MF,Burnley,22.0,2002.0,35,11,1166,13.0,4,0,4,4,0,0,4,0,3.1,3.1,0.7,3.8,47,38,67
626,George Saville,NIR,MF,,Millwall,31.0,1993.0,45,36,3300,36.7,1,3,4,1,0,0,8,0,2.8,2.8,3.5,6.3,22,124,43
627,Christian Saydee,LBR,MF,FW,Portsmouth,22.0,2002.0,29,10,1152,12.8,3,0,3,3,0,0,5,0,2.1,2.1,1.1,3.1,17,32,49
628,Calum Scanlon,ENG,FW,DF,Millwall,19.0,2005.0,4,3,167,1.9,1,0,1,1,0,0,0,0,0.2,0.2,0.0,0.2,5,3,4
629,Dane Scarlett,ENG,FW,,Oxford United,20.0,2004.0,20,7,792,8.8,4,0,4,4,0,0,1,0,0.8,0.8,0.5,1.3,7,8,38
630,Nicolas Schmid,AUT,GK,,Portsmouth,27.0,1997.0,35,35,3090,34.3,0,2,2,0,0,0,1,0,0.0,0.0,0.5,0.5,0,2,0
631,Isaac Schmidt,SUI,FW,DF,Leeds United,24.0,1999.0,12,0,78,0.9,0,0,0,0,0,0,0,0,0.2,0.2,0.3,0.5,4,6,14
632,Oscar Schwartau,DEN,FW,MF,Norwich City,18.0,2006.0,40,17,1564,17.4,1,0,1,1,0,0,3,0,3.3,3.3,1.8,5.0,30,49,93
633,Jenson Seelt,NED,DF,,Sunderland,21.0,2003.0,1,0,22,0.2,0,0,0,0,0,0,0,0,0.0,0.0,0.0,0.0,0,1,0
634,Tatsuki Seko,JPN,MF,,Stoke City,26.0,1997.0,25,18,1597,17.7,0,0,0,0,0,0,1,0,0.2,0.2,0.4,0.6,8,81,13
635,Tyrell Sellars-Fleming,ENG,MF,FW,Hull City,19.0,2005.0,4,0,8,0.1,0,0,0,0,0,0,0,0,0.1,0.1,0.1,0.1,1,0,1
636,Egil Selvik,NOR,GK,,Watford,27.0,1997.0,16,16,1440,16.0,0,0,0,0,0,0,2,0,0.0,0.0,0.0,0.0,0,1,0
637,Ken Sema,SWE,DF,MF,Watford,30.0,1993.0,14,4,521,5.8,0,1,1,0,0,0,0,0,0.2,0.2,0.4,0.6,13,21,39
638,Femi Seriki,ENG,DF,,Sheffield Utd,22.0,2002.0,25,8,1091,12.1,0,1,1,0,0,0,2,0,0.5,0.5,1.4,1.9,43,31,72
639,Jamie Shackleton,ENG,DF,FW,Sheffield Utd,24.0,1999.0,12,2,291,3.2,0,0,0,0,0,0,0,0,0.3,0.3,0.1,0.3,3,12,14
640,Conor Shaughnessy,IRL,DF,,Portsmouth,28.0,1996.0,9,7,512,5.7,1,0,1,1,0,0,2,0,0.6,0.6,0.1,0.8,2,21,2
641,James Shea,ENG,GK,,Luton Town,33.0,1991.0,2,1,147,1.6,0,0,0,0,0,0,0,0,0.0,0.0,0.0,0.0,0,0,0
642,Ben Sheaf,ENG,MF,,Coventry City,26.0,1998.0,29,23,2130,23.7,0,2,2,0,0,0,6,0,2.1,2.1,2.6,4.8,33,172,39
643,Jonjo Shelvey,ENG,MF,FW,Burnley,32.0,1992.0,2,0,12,0.1,0,0,0,0,0,0,0,0,0.0,0.0,0.4,0.4,0,0,0
644,Louie Sibley,ENG,MF,,Oxford United,22.0,2001.0,11,1,170,1.9,1,0,1,1,0,0,3,0,0.2,0.2,0.0,0.2,3,1,5
645,Sol Sidibé,ENG,MF,,Stoke City,17.0,2007.0,8,3,306,3.4,0,1,1,0,0,0,0,0,0.0,0.0,0.6,0.6,1,11,3
646,Francisco Sierralta,CHI,DF,,Watford,27.0,1997.0,33,21,1897,21.1,0,0,0,0,0,0,9,0,1.7,1.7,0.8,2.5,0,33,6
647,Arnór Sigurðsson,ISL,FW,MF,Blackburn,25.0,1999.0,5,0,62,0.7,1,0,1,1,0,0,0,0,0.1,0.1,0.0,0.2,1,7,6
648,Sam Silvera,AUS,FW,MF,Portsmouth,23.0,2000.0,11,5,446,5.0,0,0,0,0,0,0,0,0,0.2,0.2,0.5,0.7,17,8,37
649,Ellis Simms,ENG,FW,,Coventry City,23.0,2001.0,43,26,2286,25.4,6,2,8,6,0,1,1,0,10.0,9.2,2.5,11.7,26,18,114
650,Xavier Simons,ENG,MF,,Hull City,21.0,2003.0,20,13,1208,13.4,2,0,2,2,0,0,3,0,1.4,1.4,0.4,1.8,19,39,13
651,Nathan Simpson,ENG,FW,,Middlesbrough,20.0,2004.0,1,0,1,0.0,0,0,0,0,0,0,0,0,0.0,0.0,0.0,0.0,0,0,1
652,Emmanouil Siopis,GRE,MF,,Cardiff City,30.0,1994.0,21,16,1444,16.0,0,0,0,0,0,0,4,0,0.3,0.3,0.2,0.5,5,56,8
653,Moussa Sissoko,FRA,MF,FW,Watford,34.0,1989.0,40,33,2888,32.1,6,1,7,6,0,0,6,1,3.5,3.5,2.9,6.5,37,98,112
654,Regan Slater,ENG,MF,,Hull City,24.0,1999.0,44,36,2966,33.0,1,1,2,1,0,0,6,0,4.2,4.2,2.7,6.9,52,82,82
655,Michael Smith,ENG,FW,,Sheffield Weds,32.0,1991.0,41,16,1844,20.5,8,4,12,7,1,1,3,0,7.9,7.1,3.6,10.7,8,31,85
656,Paul Smyth,NIR,FW,MF,QPR,26.0,1997.0,43,30,2770,30.8,1,4,5,1,0,0,6,0,2.9,2.9,3.4,6.3,120,82,200
657,Manor Solomon,ISR,FW,,Leeds United,25.0,1999.0,39,30,2589,28.8,10,12,22,10,0,0,3,0,8.1,8.1,12.0,20.1,144,111,320
658,Oliver Sonne,PER,DF,,Burnley,23.0,2000.0,2,0,25,0.3,0,0,0,0,0,0,0,0,0.0,0.0,0.2,0.2,1,1,2
659,Matthew Sorinola,ENG,DF,MF,Plymouth Argyle,23.0,2001.0,25,19,1674,18.6,0,1,1,0,0,0,9,1,0.3,0.3,0.8,1.1,25,40,63
660,Harry Souttar,AUS,DF,,Sheffield Utd,25.0,1998.0,21,20,1768,19.6,0,0,0,0,0,0,5,1,0.8,0.8,0.0,0.8,5,54,0
661,Vinicius Souza,BRA,MF,,Sheffield Utd,25.0,1999.0,35,32,2787,31.0,0,1,1,0,0,0,8,0,0.7,0.7,1.4,2.0,21,133,30
662,Jack Stacey,ENG,DF,,Norwich City,28.0,1996.0,41,20,2143,23.8,2,6,8,2,0,0,5,0,1.8,1.8,2.7,4.5,73,56,160
663,Enda Stevens,IRL,DF,,Stoke City,34.0,1990.0,18,13,1194,13.3,0,2,2,0,0,0,3,0,0.3,0.3,1.6,1.9,20,49,42
664,Ben Stevenson,ENG,MF,,Portsmouth,27.0,1997.0,1,0,7,0.1,0,0,0,0,0,0,0,0,0.0,0.0,0.0,0.0,0,1,0
665,Jordan Storey,ENG,DF,,Preston,26.0,1997.0,35,35,3062,34.0,1,1,2,1,0,0,6,0,1.2,1.2,1.2,2.4,18,100,17
666,Pascal Struijk,NED,DF,,Leeds United,24.0,1999.0,35,31,2824,31.4,5,0,5,3,2,3,3,0,5.9,3.5,0.5,4.0,37,193,11
667,Zak Sturge,ENG,DF,,Millwall,20.0,2004.0,5,3,303,3.4,0,0,0,0,0,0,0,0,0.0,0.0,0.0,0.0,2,7,10
668,Callum Styles,HUN,DF,,West Brom,24.0,2000.0,34,29,2613,29.0,3,1,4,3,0,0,11,1,1.8,1.8,1.2,2.9,57,129,72
669,Emmerson Sutton,ENG,FW,,QPR,17.0,2006.0,2,0,56,0.6,0,0,0,0,0,0,0,0,0.1,0.1,0.0,0.1,3,2,8
670,Zak Swanson,ENG,DF,,Portsmouth,23.0,2000.0,30,23,1972,21.9,1,1,2,1,0,0,5,0,0.4,0.4,0.9,1.3,23,65,47
671,John Swift,ENG,MF,,West Brom,29.0,1995.0,36,19,1741,19.3,3,1,4,3,0,0,4,0,3.1,3.1,2.2,5.3,30,144,66
672,Mark Sykes,IRL,MF,DF,Bristol City,26.0,1997.0,27,21,1707,19.0,3,4,7,3,0,0,5,0,1.3,1.3,3.6,4.8,58,57,145
673,Sammie Szmodics,IRL,MF,,Blackburn,28.0,1995.0,1,0,26,0.3,1,1,2,1,0,0,0,0,0.1,0.1,0.7,0.8,1,1,0
674,Kornél Szűcs,HUN,DF,,Plymouth Argyle,22.0,2001.0,36,31,2839,31.5,0,1,1,0,0,0,6,0,0.6,0.6,0.5,1.1,9,66,10
675,Elias Sørensen,DEN,FW,MF,Portsmouth,24.0,1999.0,12,4,322,3.6,1,0,1,1,0,1,0,0,1.5,0.8,0.0,0.8,0,3,16
676,Jakob Sørensen,DEN,MF,DF,Norwich City,26.0,1998.0,27,14,1327,14.7,0,0,0,0,0,0,2,0,0.4,0.4,0.4,0.8,13,69,12
677,Maksym Talovierov,UKR,DF,,Plymouth Argyle,24.0,2000.0,11,10,934,10.4,1,1,2,1,0,0,3,0,0.2,0.2,0.2,0.4,1,23,2
678,Ao Tanaka,JPN,MF,,Leeds United,25.0,1998.0,43,37,3314,36.8,5,2,7,5,0,0,8,0,3.6,3.6,2.6,6.2,38,259,43
679,Japhet Tanganga,ENG,DF,,Millwall,25.0,1999.0,40,40,3552,39.5,2,0,2,2,0,0,6,0,2.5,2.5,0.6,3.1,15,83,14
680,George Tanner,ENG,DF,,Bristol City,24.0,1999.0,32,23,2002,22.2,2,0,2,2,0,0,2,0,0.6,0.6,1.2,1.7,23,93,47
681,Ollie Tanner,ENG,FW,MF,Cardiff City,22.0,2002.0,29,15,1387,15.4,2,2,4,2,0,0,1,0,3.0,3.0,1.3,4.3,51,41,105
682,Fabio Tavares,ENG,FW,,Coventry City,23.0,2001.0,1,0,1,0.0,0,0,0,0,0,0,0,0,0.0,0.0,0.0,0.0,0,0,0
683,Joseph Taylor,WAL,FW,MF,Luton Town,21.0,2002.0,13,0,157,1.7,0,0,0,0,0,0,0,0,0.5,0.5,0.0,0.5,2,0,10
684,Junior Tchamadeu,CMR,DF,,Stoke City,20.0,2003.0,41,35,3136,34.8,1,2,3,1,0,0,10,0,1.7,1.7,3.0,4.7,57,100,101
685,Hidde ter Avest,NED,DF,,Oxford United,27.0,1997.0,21,10,997,11.1,1,0,1,1,0,0,1,0,0.7,0.7,0.3,1.0,8,30,30
686,Emre Tezgel,ENG,FW,MF,Stoke City,18.0,2005.0,12,2,298,3.3,0,0,0,0,0,0,1,0,0.7,0.7,0.1,0.8,2,7,16
687,Bobby Thomas,ENG,DF,,Coventry City,23.0,2001.0,38,37,3334,37.0,5,0,5,5,0,0,4,0,4.5,4.5,0.7,5.3,21,132,9
688,Joshua Thomas,WAL,MF,,Swansea City,21.0,2002.0,1,0,1,0.0,0,0,0,0,0,0,1,0,0.0,0.0,0.0,0.0,0,0,0
689,Brandon Thomas-Asante,GHA,FW,,Coventry City,25.0,1998.0,36,14,1449,16.1,4,3,7,4,0,0,3,0,5.3,5.3,1.7,7.0,32,22,79
690,Jordan Thompson,NIR,MF,DF,Stoke City,27.0,1997.0,23,13,1353,15.0,0,1,1,0,0,0,7,0,0.3,0.3,0.3,0.6,10,59,14
691,Liam Thompson,ENG,MF,,Derby County,22.0,2002.0,28,18,1610,17.9,0,0,0,0,0,0,6,0,0.4,0.4,0.9,1.3,21,39,43
692,Jordan Thorniley,ENG,DF,,Oxford United,27.0,1996.0,2,0,81,0.9,0,0,0,0,0,0,0,0,0.1,0.1,0.0,0.1,0,1,0
693,Muhamed Tijani,NGA,FW,MF,Plymouth Argyle,24.0,2000.0,13,4,448,5.0,2,1,3,2,0,0,2,0,0.6,0.6,0.3,0.9,3,5,9
694,Nathan Tjoe-A-On,IDN,DF,,Swansea City,22.0,2001.0,1,0,3,0.0,0,0,0,0,0,0,0,0,0.0,0.0,0.0,0.0,0,1,1
695,Victor Torp,DEN,MF,,Coventry City,25.0,1999.0,36,25,2107,23.4,6,4,10,5,1,2,2,0,5.0,3.4,4.8,8.3,21,103,86
696,Balázs Tóth,HUN,GK,,Blackburn,26.0,1997.0,6,6,540,6.0,0,0,0,0,0,0,1,0,0.0,0.0,0.0,0.0,0,0,0
697,Ryley Towler,ENG,DF,,Portsmouth,23.0,2001.0,12,10,936,10.4,1,0,1,1,0,0,3,0,0.1,0.1,0.0,0.1,3,30,1
698,Andros Townsend,ENG,MF,,Luton Town,33.0,1991.0,1,0,11,0.1,0,0,0,0,0,0,0,0,0.0,0.0,0.0,0.0,3,3,1
699,James Trafford,ENG,GK,,Burnley,21.0,2002.0,45,45,4050,45.0,0,0,0,0,0,0,7,0,0.0,0.0,0.1,0.1,0,2,0
700,Mark Travers,IRL,GK,,Middlesbrough,25.0,1999.0,17,17,1530,17.0,0,0,0,0,0,0,1,0,0.0,0.0,0.0,0.0,0,0,0
701,Lewis Travis,ENG,MF,,Blackburn,26.0,1997.0,38,37,3216,35.7,2,1,3,2,0,0,11,0,0.8,0.8,1.9,2.7,37,172,38
702,Nectarios Triantis,AUS,FW,,Sunderland,21.0,2003.0,1,0,1,0.0,0,0,0,0,0,0,0,0,0.0,0.0,0.0,0.0,0,0,0
703,Sondre Tronstad,NOR,MF,,Blackburn,28.0,1995.0,38,36,3130,34.8,2,0,2,2,0,0,5,0,0.8,0.8,1.6,2.4,21,165,18
704,Auston Trusty,USA,DF,,Sheffield Utd,25.0,1998.0,1,1,90,1.0,0,0,0,0,0,0,0,0,0.0,0.0,0.0,0.0,1,2,0
705,David Turnbull,SCO,MF,,Cardiff City,25.0,1999.0,19,10,826,9.2,1,0,1,1,0,1,2,0,1.4,0.4,0.8,1.3,7,69,16
706,Scott Twine,ENG,FW,MF,Bristol City,25.0,1999.0,35,26,2119,23.5,5,3,8,5,0,0,6,0,6.2,6.2,4.6,10.7,29,88,85
707,Igor Tyjon,ENG,FW,,Blackburn,16.0,2008.0,2,0,7,0.1,0,0,0,0,0,0,0,0,0.0,0.0,0.0,0.0,0,0,0
708,Josh Tymon,ENG,DF,,Swansea City,25.0,1999.0,45,44,3940,43.8,2,7,9,2,0,1,7,0,2.8,2.0,10.0,12.1,137,172,225
709,Ike Ugbo,CAN,FW,,Sheffield Weds,25.0,1998.0,34,15,1278,14.2,0,0,0,0,0,1,1,0,4.1,3.3,1.4,4.7,4,19,49
710,Pol Valentín,ESP,DF,MF,Sheffield Weds,27.0,1997.0,34,13,1527,17.0,1,0,1,1,0,0,4,0,0.9,0.9,2.5,3.3,65,37,101
711,Yan Valery,TUN,DF,MF,Sheffield Weds,25.0,1999.0,39,38,3154,35.0,3,4,7,3,0,0,7,0,1.5,1.5,4.4,5.8,61,88,129
712,Jonathan Varane,MTQ,MF,,QPR,22.0,2001.0,39,29,2598,28.9,0,2,2,0,0,0,8,1,1.0,1.0,0.8,1.8,20,83,12
713,Rocco Vata,IRL,FW,MF,Watford,19.0,2005.0,33,15,1536,17.1,3,4,7,3,0,0,0,0,2.8,2.8,1.9,4.8,47,31,89
714,Harry Vaughan,IRL,FW,,Hull City,20.0,2004.0,3,1,103,1.1,0,0,0,0,0,0,1,0,0.2,0.2,0.1,0.2,3,2,9
715,Will Vaulks,WAL,MF,,Oxford United,30.0,1993.0,44,38,3339,37.1,1,2,3,1,0,0,4,0,1.0,1.0,2.3,3.3,9,142,20
716,Josh Vickers,ENG,GK,,Derby County,28.0,1995.0,6,6,540,6.0,0,0,0,0,0,0,0,0,0.0,0.0,0.0,0.0,0,0,0
717,André Vidigal,ANG,MF,FW,Stoke City,25.0,1998.0,10,0,104,1.2,0,0,0,0,0,0,0,0,0.2,0.2,0.0,0.2,6,1,10
718,Lawrence Vigouroux,CHI,GK,,Swansea City,30.0,1993.0,46,46,4140,46.0,0,0,0,0,0,0,0,0,0.0,0.0,0.0,0.0,0,1,0
719,Žan Vipotnik,SVN,FW,,Swansea City,22.0,2002.0,42,24,2087,23.2,7,0,7,6,1,1,1,0,9.8,9.1,0.8,9.9,7,10,64
720,Vitinho,BRA,MF,FW,Burnley,25.0,1999.0,3,3,235,2.6,1,1,2,1,0,0,0,0,0.4,0.4,0.5,0.9,5,6,9
721,Zak Vyner,KEN,DF,,Bristol City,27.0,1997.0,46,46,4140,46.0,1,0,1,1,0,0,3,0,2.9,2.9,0.7,3.6,20,196,34
722,Thomas Waddingham,AUS,FW,,Portsmouth,19.0,2005.0,5,1,103,1.1,1,0,1,1,0,0,1,0,1.0,1.0,0.1,1.1,0,0,3
723,Ben Waine,NZL,FW,,Plymouth Argyle,23.0,2001.0,1,0,9,0.1,0,0,0,0,0,0,0,0,0.0,0.0,0.0,0.0,0,0,0
724,Jed Wallace,ENG,FW,MF,West Brom,30.0,1994.0,29,6,809,9.0,1,1,2,1,0,0,2,0,1.2,1.2,1.7,2.9,28,30,51
725,Murray Wallace,SCO,DF,,Millwall,31.0,1993.0,11,8,733,8.1,0,0,0,0,0,0,0,0,0.3,0.3,0.1,0.3,2,17,0
726,Joe Walsh,ENG,GK,,QPR,22.0,2002.0,1,1,90,1.0,0,0,0,0,0,0,0,0,0.0,0.0,0.0,0.0,0,0,0
727,Liam Walsh,ENG,MF,,Luton Town,26.0,1997.0,26,18,1411,15.7,0,1,1,0,0,0,3,3,1.0,1.0,2.0,3.0,11,82,17
728,Reuell Walters,ENG,DF,,Luton Town,19.0,2004.0,14,11,979,10.9,0,0,0,0,0,0,2,0,0.1,0.1,0.1,0.2,11,36,26
729,Joe Ward,ENG,DF,,Derby County,28.0,1995.0,7,2,150,1.7,0,0,0,0,0,0,1,0,0.1,0.1,0.1,0.2,3,2,5
730,Duncan Watmore,ENG,FW,MF,Millwall,30.0,1994.0,26,19,1578,17.5,5,1,6,5,0,0,0,0,3.6,3.6,2.5,6.0,35,36,99
731,Tom Watson,ENG,FW,MF,Sunderland,18.0,2006.0,20,11,891,9.9,2,0,2,2,0,0,2,0,1.9,1.9,0.9,2.8,50,27,90
732,Wout Weghorst,NED,FW,,Burnley,31.0,1992.0,2,0,25,0.3,0,0,0,0,0,0,0,0,0.0,0.0,0.0,0.0,0,0,1
733,Andreas Weimann,AUT,FW,MF,Blackburn,32.0,1991.0,30,15,1411,15.7,7,2,9,7,0,0,2,0,7.2,7.2,1.9,9.1,18,51,61
734,Nahki Wells,BER,FW,,Bristol City,34.0,1990.0,39,26,2052,22.8,10,4,14,9,1,1,3,0,8.9,8.1,2.2,10.3,30,45,184
735,Jack Whatmough,ENG,DF,,Preston,27.0,1996.0,16,12,1118,12.4,0,1,1,0,0,0,4,0,0.2,0.2,0.8,1.1,2,26,3
736,Lennon Wheeldon,ENG,FW,,Derby County,17.0,2006.0,1,0,2,0.0,0,0,0,0,0,0,0,0,0.0,0.0,0.0,0.0,0,0,1
737,Ben Whiteman,ENG,MF,,Preston,28.0,1996.0,35,27,2495,27.7,0,2,2,0,0,0,12,0,1.5,1.5,2.0,3.5,6,125,13
738,Morgan Whittaker,ENG,FW,MF,Plymouth Argyle,23.0,2001.0,20,20,1747,19.4,3,1,4,3,0,0,3,0,2.1,2.1,1.2,3.3,32,49,116
739,Morgan Whittaker,ENG,MF,FW,Middlesbrough,23.0,2001.0,16,11,990,11.0,0,1,1,0,0,0,0,0,1.7,1.7,1.9,3.6,33,35,81
740,Harry Whitwell,ENG,FW,,West Brom,18.0,2005.0,1,0,13,0.1,0,0,0,0,0,0,0,0,0.0,0.0,0.0,0.0,0,1,0
741,Jacob Widell Zetterström,SWE,GK,,Derby County,26.0,1998.0,40,40,3600,40.0,0,0,0,0,0,0,2,0,0.0,0.0,0.0,0.0,0,0,0
742,Joe Wildsmith,ENG,GK,,West Brom,28.0,1995.0,10,10,900,10.0,0,0,0,0,0,0,1,0,0.0,0.0,0.0,0.0,0,0,0
743,Caleb Wiley,USA,DF,MF,Watford,19.0,2004.0,10,8,722,8.0,0,1,1,0,0,0,0,0,0.1,0.1,0.5,0.7,20,25,40
744,Joe Williams,ENG,MF,,Bristol City,27.0,1996.0,24,18,1417,15.7,0,4,4,0,0,0,6,1,0.5,0.5,2.4,2.9,19,115,27
745,Jordan Williams,ENG,DF,,Portsmouth,24.0,1999.0,20,15,1265,14.1,0,0,0,0,0,0,6,0,0.0,0.0,0.2,0.2,20,35,29
746,Chris Willock,ENG,FW,,Cardiff City,26.0,1998.0,32,17,1548,17.2,2,2,4,2,0,0,0,0,1.4,1.4,1.9,3.3,68,47,131
747,Ben Wilmot,ENG,DF,,Stoke City,24.0,1999.0,39,36,3242,36.0,3,0,3,3,0,0,9,0,1.8,1.8,1.0,2.8,19,111,16
748,Ben Wilson,ENG,GK,,Coventry City,31.0,1992.0,4,4,360,4.0,0,0,0,0,0,0,1,0,0.0,0.0,0.0,0.0,0,0,0
749,Kane Wilson,ENG,DF,,Derby County,24.0,2000.0,33,26,2430,27.0,2,1,3,2,0,0,0,0,2.0,2.0,2.9,5.0,117,70,115
750,Josh Wilson-Esbrand,ENG,DF,FW,Stoke City,21.0,2002.0,6,4,269,3.0,0,1,1,0,0,0,0,0,0.6,0.6,0.3,0.9,6,9,13
751,Josh Windass,ENG,MF,FW,Sheffield Weds,30.0,1994.0,44,38,3222,35.8,13,5,18,12,1,2,8,0,15.1,13.5,4.7,18.1,73,143,175
752,Ryan Wintle,ENG,MF,,Millwall,27.0,1997.0,22,3,513,5.7,1,0,1,1,0,0,3,0,0.3,0.3,0.3,0.6,1,18,10
753,Maximilian Wöber,AUT,DF,,Leeds United,26.0,1998.0,8,2,335,3.7,1,0,1,1,0,0,1,0,0.7,0.7,0.3,1.0,6,17,34
754,Freddie Woodman,ENG,GK,,Preston,27.0,1997.0,37,37,3329,37.0,0,0,0,0,0,0,6,1,0.0,0.0,0.0,0.0,0,1,0
755,Cauley Woodrow,ENG,MF,FW,Blackburn,29.0,1994.0,9,2,222,2.5,0,1,1,0,0,0,0,0,0.1,0.1,0.5,0.6,3,5,16
756,Cauley Woodrow,ENG,MF,FW,Luton Town,29.0,1994.0,15,1,270,3.0,0,0,0,0,0,0,1,0,0.5,0.5,0.1,0.6,7,8,17
757,Joe Worrall,ENG,DF,,Burnley,27.0,1997.0,9,3,285,3.2,0,1,1,0,0,0,1,0,0.3,0.3,0.2,0.5,0,15,1
758,Callum Wright,ENG,MF,FW,Plymouth Argyle,24.0,2000.0,35,14,1462,16.2,1,0,1,1,0,0,0,1,1.7,1.7,0.6,2.3,35,31,77
759,Haji Wright,USA,FW,,Coventry City,26.0,1998.0,27,21,1947,21.6,12,1,13,11,1,1,1,0,11.2,10.4,2.8,13.1,77,26,137
760,Jacob Wright,ENG,MF,,Norwich City,18.0,2005.0,15,10,888,9.9,0,4,4,0,0,0,2,0,0.3,0.3,1.5,1.8,4,60,10
761,Jerry Yates,ENG,FW,,Derby County,27.0,1996.0,42,40,3419,38.0,10,4,14,9,1,1,1,0,11.5,10.7,2.1,12.8,26,54,144
762,Kusini Yengi,AUS,FW,MF,Portsmouth,25.0,1999.0,14,4,538,6.0,0,0,0,0,0,0,2,0,0.5,0.5,1.0,1.5,5,2,29
763,Óscar Zambrano,ECU,MF,,Hull City,20.0,2004.0,8,5,390,4.3,1,1,2,1,0,0,0,0,0.5,0.5,0.3,0.8,1,13,5
764,Anass Zaroury,MAR,FW,MF,Burnley,23.0,2000.0,1,0,25,0.3,0,0,0,0,0,0,0,0,0.0,0.0,0.0,0.0,3,0,2
765,Stefán Þórðarson,ISL,MF,,Preston,25.0,1998.0,39,29,2503,27.8,3,2,5,3,0,0,6,0,2.8,2.8,2.8,5.5,37,100,59
